:.,$!sort -t, -bk6,6 -k1,2n -bk7,7,,,
Issued,Num,MT,N,Type,Artist,Album,Comments,
0,0,M3,1,IRISH,2002,Celtic Fairy Dream,,
0,0,CD,1,ROCK1,A Perfect Circle,Emotive,,
0,0,M3,1,JAZZ2,Ahmad Jamal,Ahmads Blues,,
0,0,MC,1,JAZZ2,Ahmad Jamal,Free Flight,,
0,0,MC,1,JAZZ2,Ahmad Jamal,Pittsburgh,,
0,0,MC,1,JAZZ2,Ahmad Jamal,Poinciana,,
920000,0,MC,1,JAZZ2,Ahmad Jamal,Live in Paris 1992,,
0,0,M3,1,IRISH,Aine Minogue,Celtic Lamentations,,
0,0,M3,1,BEATL,Al DiMeola,All Your Life,,
0,0,MC,1,JAZZ3,Al DiMeola,Consequence of Chaos,,
0,0,MC,1,JAZZ3,Al DiMeola,Flesh on Flesh,DUP,
0,0,MC,1,JAZZ3,Al DiMeola,Plays Piazzola,,
0,0,CC,1,JAZZ3,Al DiMeola,World Sinfonia,,
680000,246,NX,1,BLUES,Al Kooper,Super Session,,
690000,245,NX,1,BLUES,Al Kooper,Kooper Session,,
690000,243,NX,2,BLUES,Al Kooper,Super Session Live,,
0,0,M3,1,FOLK1,Alan Bibey,Mandolin Chronicles,,
0,0,MC,1,FOLK1,Alan Jackson,The Bluegrass Album,,
0,0,MC,1,HARPS,Alan Stivell,Renaissance of the Celtic Harp,,
0,0,MC,1,ROCK1,Albert Lee,Heartbreak Hill,,
650000,310,LP,1,BLUES,Alec Seward,Creeping Blues,,
0,0,MC,1,GYPSY,Alexandria Kleztet,Delusions Of Klezmer,,
740000,375,LP,1,JAZZ1,Alice Coltrane,Illuminations,,
750000,413,LP,1,JAZZ1,Alice Coltrane,Eternity,,
0,0,MC,1,FOLK1,Alison Brown,Fair Weather,,
0,0,MC,1,FOLK4,Alison Krauss,Every Time I Say Goodbye,,
0,0,MC,1,FOLK4,Alison Krauss,Forget About It,,
0,0,MC,1,FOLK4,Alison Krauss,I Know Who Holds Tomorrow,+Cox Family,
0,0,MC,1,FOLK4,Alison Krauss,Ive Got That Old Feeling,,
0,0,MC,2,FOLK4,Alison Krauss,Live,,
0,0,MC,1,FOLK4,Alison Krauss,Lonely Runs Both Ways,,
0,0,MC,1,FOLK4,Alison Krauss,New Favorite,,
0,0,MC,1,FOLK4,Alison Krauss,Paper Airplane,,
0,0,MC,1,FOLK4,Alison Krauss,So Long So Wrong,,
0,0,M3,1,FOLK4,Alison Krauss,Windy City,,
0,0,M3,3,BLUER,Alligator,50 Years Of Houserocking,,
0,0,MP,1,ROCK2,Allman Brothers,Hitting the Note,,
0,0,M3,2,ROCK2,Allman Brothers,One Way Out,,
0,0,MD,1,ROCK2,Allman Brothers,The Epic Years,,
687205,125,NX,1,ROCK2,Allman Brothers,Duane and Gregg,31st of Feb Demo,
691104,108,MD,1,ROCK2,Allman Brothers,Allman Brothers Band,,
700703,0,M3,2,ROCK2,Allman Brothers,Atlanta Pop Festival,,
700923,109,MD,1,ROCK2,Allman Brothers,Idlewild South,,
710706,80,MD,2,ROCK2,Allman Brothers,Fillmore East,,
720212,110,MD,1,ROCK2,Allman Brothers,Eat a Peach,,
730326,0,MC,2,ROCK2,Allman Brothers,Beacon Theatre,,
730899,192,XX,1,ROCK2,Allman Brothers,Brothers and Sisters,,
730899,192,MC,1,ROCK2,Allman Brothers,Brothers and Sisters + Revolver,,
911022,0,MD,1,ROCK2,Allman Brothers,Decade of Hits 1969-1979,,
0,0,MD,1,ROCK1,America,Greatest Hits,,
0,0,CD,1,ROCK1,Amy Winehouse,Back to Black,,
0,0,CD,1,ROCK1,Amy Winehouse,Frank,,
0,0,CD,1,ROCK1,Amy Winehouse,Lioness,,
0,0,MC,1,HARPS,Andreas Vollenweider,Kryptos,,
0,0,MC,1,HARPS,Andreas Vollenweider,Magic Harp,,
0,0,M3,1,CLASS,Andres Segovia,Art of Segovia,,
0,297,LP,1,BLUES,Andrew Odom,Andrew Odom,,
0,0,MC,1,FOLK1,Andy Statman,East Flatbush Blues,,
839999,497,LP,1,FOLK1,Andy Statman,Mandolin Abstractions,+Grisman,
839999,497,MC,1,FOLK1,Andy Statman,Mandolin Abstractions,+Grisman,
0,0,MC,1,INDIA,Anoushka Shankar,Live at Carnegie Hall,,
0,0,MC,1,INDIA,Anoushka Shankar,Traces of You,,
0,0,M3,1,CLASS,Arditti-Quartet,Spiral-Of-Light,,
0,0,MC,1,JAZZ1,Art Blakey,Mission Eternal V2,+Cedar Walton,
0,0,MC,1,JAZZ1,Art Farmer,Real Time,Jazztet,
0,0,MC,2,JAZZ2,Art Tatum,20th Century Genius,,
0,0,MC,1,JAZZ2,Art Tatum,Best Of,,
0,0,MC,1,JAZZ2,Art Tatum,I Got Rhythm,,
0,0,MC,1,WOMEN,Ashley Monroe,Like a Rose,,
0,0,MP,1,FOLK3,Asleep at the Wheel,10,,
0,0,MP,1,FOLK3,Asleep at the Wheel,20 Greatest Hits,,
0,0,MP,1,FOLK3,Asleep at the Wheel,Arizona Charlies,,
0,0,MP,1,FOLK3,Asleep at the Wheel,Keeping Me Up Nights,,
0,0,MP,1,FOLK3,Asleep at the Wheel,Ride with Bob,,
0,0,MP,1,FOLK3,Asleep at the Wheel,Tribute to Bob Wills,,
0,0,MC,1,FOLK3,Asleep at the Wheel,Western Standard Time,,
0,0,MC,1,FOLK3,Asleep at the Wheel,Wheel Keeps on Rolling,,
0,0,MC,1,FOLK1,Aubrey Haynie,Bluegrass Fiddle Album,,
0,0,M3,1,ROCK1,B52s,The B52s,,
0,0,CD,1,ROCK1,B52s,Time Capsule,Missing,
0,0,M3,2,CLASS,Bach,Cello Suites 1-6,Err:509,
0,0,MC,2,CLASS,Bach,Great Organ Works,,
0,0,M3,1,CLASS,Bach,Oboe Concertos,,
0,0,MC,2,CLASS,Bach,Toccatas and Inventions,,
0,0,M3,1,CLASS,Bach,Yo-Yo Ma Plays Bach,,
0,0,MC,1,CLASS,Bad Plus,The Rite of Spring,,
@00000,0,MC,1,XMASS,Baltimore Consort,Bright Day Star,,
0,0,MC,3,ROCK1,Band,Across the Great Divide,,
0,0,MP,1,ROCK1,Band,Greatest Hits,,
0,0,MC,2,ROCK1,Band,Last Waltz,,
0,0,M3,2,ROCK1,Band,Live at the Academy of Music 1971,,
680000,379,MC,1,ROCK1,Band,Music from Big Pink,,
690000,94,MC,1,ROCK1,Band,The Band,,
700000,78,VL,1,ROCK1,Band,Stage Fright,,
720000,190,MC,2,ROCK1,Band,Rock of Ages,,
750000,353,VL,1,ROCK1,Band,Northern Lights Southern Cross,,
0,0,MC,1,FOLK1,Barney Isaacs,Hawaiian Touch,,
0,0,MC,1,JAZZ1,Barney Kessel,Yesterday,,
0,368,LP,1,BLUES,Barry Goldberg,And Friend,,
0,283,LP,1,BLUES,Barry Goldberg,Two Jews Blues,,
0,0,MC,1,CLASS,Bartok,Contrasts and Mikrokosmos,,
0,0,MC,1,BEATL,Beatles,Abbey Road,,
0,0,CJ,1,BEATL,Beatles,Althea Beatle Mix,,
0,0,MC,2,BEATL,Beatles,Anthology 1,,
0,0,MC,2,BEATL,Beatles,Anthology 2,,
0,0,MC,2,BEATL,Beatles,Anthology 3,,
0,0,M3,1,BEATL,Beatles,For Sale,,
0,0,MC,1,BEATL,Beatles,Hard Days Night + Help,DUP,
0,0,M3,1,BEATL,Beatles,Help,,
0,0,MC,1,BEATL,Beatles,Let It Be,,
0,0,MC,1,BEATL,Beatles,Magical Mystery Tour,,
0,0,MC,1,BEATL,Beatles,Past Masters 1+2,,
0,0,M3,1,BEATL,Beatles,Please Please Me,,
0,0,M3,1,BEATL,Beatles,Revolver,,
0,0,MC,1,BEATL,Beatles,Revolver + LIB Naked,,
0,0,MC,1,BEATL,Beatles,Rubber Soul,,
0,0,MC,1,BEATL,Beatles,Sgt Peppers,,
0,0,MC,2,BEATL,Beatles,White Album,,
0,0,CC,1,BEATL,Beatles,With The Beatles,,
0,0,MC,1,BEATL,Beatles,Yellow Submarine,,
60000,0,MD,1,BEATL,Beatles,Love,,
620066,0,MC,2,BEATL,Beatles,Red Album,1962-1966,
670070,0,MC,2,BEATL,Beatles,Blue Album,1967-1970,
0,0,MC,2,CLASS,Beethoven,Easy Listening Piano Classics,,
0,0,M3,1,CLASS,Beethoven,For Book Lovers,,
0,0,MC,1,CLASS,Beethoven,Ligeti+Beethoven,Err:509,
0,0,MC,1,CLASS,Beethoven,Moonlight Serenade Sonatas,,
0,0,M3,5,CLASS,Beethoven,Nine Symphonies,,
0,0,M3,1,CLASS,Beethoven,Opus 18 String Quartets,,
0,0,MC,1,CLASS,Beethoven,Triple Concerto+Concerto in D,,
0,0,MC,1,FOLK1,Bela Fleck,Best Of New Grass Revival,,
0,0,MC,1,JAZZ5,Bela Fleck,Melody of Rhythm,+Edgar Meyer,
0,0,MC,1,JAZZ5,Bela Fleck,Music For Two,+Edgar Meyer,
725,0,MD,1,JAZZ5,Bela Fleck,Outbound,,
11002,0,MC,1,JAZZ5,Bela Fleck,Perpetual Motion,,
20226,0,MD,1,JAZZ5,Bela Fleck,Live at the Quick,,
30812,0,MD,3,JAZZ5,Bela Fleck,Little Worlds,,
40524,0,MD,1,JAZZ5,Bela Fleck,Music for Two,+Edgar Meyer,
60214,0,MD,1,JAZZ5,Bela Fleck,The Hidden Land,,
70522,0,MD,1,JAZZ5,Bela Fleck,The Enchantment,+Chick Corea,
80930,0,MD,1,JAZZ5,Bela Fleck,Jingle All the Way,,
90303,0,CD,1,JAZZ5,Bela Fleck,Throw Down Your Heart,,
90303,0,M3,3,JAZZ5,Bela Fleck,Throw Down Your Heart,+DVD,
110517,0,MD,1,JAZZ5,Bela Fleck,Rocket Science,,
120705,0,MD,1,JAZZ5,Bela Fleck,Imaginary Divide,+Marcus Roberts,
830000,0,MD,1,JAZZ5,Bela Fleck,Dreadful Snakes,,
890000,0,MD,1,JAZZ5,Bela Fleck,Strength in Numbers,,
900306,0,MD,1,JAZZ5,Bela Fleck,Flecktones,,
910611,0,MD,1,JAZZ5,Bela Fleck,Cosmic Hippo,,
920000,0,MD,1,JAZZ5,Bela Fleck,UFO Tofu,,
930914,0,MD,1,JAZZ5,Bela Fleck,Cuckoos Nest,,
950000,0,MC,1,JAZZ5,Bela Fleck,Acoustic Planet 1,,
960702,0,MD,1,JAZZ5,Bela Fleck,Tabula Rasa,,
960910,0,MD,2,JAZZ5,Bela Fleck,Live Art,,
970930,0,MD,1,JAZZ5,Bela Fleck,Uncommon Ritual,+Edgar Meyer,
980609,0,CD,1,JAZZ5,Bela Fleck,Left of Cool,,
990622,0,MC,1,JAZZ5,Bela Fleck,Acoustic Planet 2,,
0,0,CC,1,JAZZ1,Ben Webster,Soulville,,
0,0,CC,3,JAZZ5,Benny Goodman,Complete Small Groups,,
0,0,MC,2,JAZZ5,Benny Goodman,Essential,,
0,0,MC,2,JAZZ5,Benny Goodman,Giants of Big Band Era,,
0,0,MC,1,JAZZ5,Benny Goodman,Greatest Hits,,
0,0,MC,1,JAZZ5,Benny Goodman,Jazz Collector Edition,,
0,0,MC,1,JAZZ5,Benny Goodman,RCA Small Groups,DUP,
0,0,MC,1,JAZZ5,Benny Goodman,Sextet,,
0,0,MC,1,JAZZ5,Benny Goodman,Sing Sing Sing,,
350037,0,MC,1,JAZZ5,Benny Goodman,Trio + Quartet Sessions V1,,
370000,0,CC,1,JAZZ5,Benny Goodman,Trio + Quartet Live 1937,,
380000,0,MC,2,JAZZ5,Benny Goodman,Live at Carnegie Hall 1938,,
780000,0,MC,2,JAZZ5,Benny Goodman,Live at Carnegie Hall 40th,,
0,0,MC,1,BLUES,Bernard Allison,In the Mix,,
0,0,MP,1,JAZZ2,Best of Dixieland,Al Hirt,,
0,0,MP,1,JAZZ2,Best of Dixieland,Pete Fountain,,
0,0,MP,1,JAZZ2,Best of Dixieland,Various,,
0,446,LP,1,BLUES,Big Bill Broonzy,Do That Guitar Rag,,
0,287,LP,1,BLUES,Big Bill Broonzy,Feeling Lowdown,,
0,0,M3,1,BLUES,Big Bill Broonzy,Young Big Bill Broonzy,,
0,289,LP,1,BLUES,Big Joe Williams,Plums Look Mellow,,
0,0,MM,1,JAZZ3,Bill Evans,Alone,,
0,0,CC,1,JAZZ3,Bill Evans,Conversations with Myself,,
0,0,MC,1,JAZZ3,Bill Evans,Everybody Digs,,
0,0,MC,1,JAZZ3,Bill Evans,Finest Hour,,
0,0,MC,1,JAZZ3,Bill Evans,Live at Montreux,,
0,0,MC,1,JAZZ3,Bill Evans,New Jazz Concepts,,
0,0,MC,1,JAZZ3,Bill Evans,Sunday at Village Vanguard,,
0,0,MC,1,JAZZ3,Bill Evans,Waltz for Debby,,
0,0,CC,1,JAZZ3,Bill Evans,You Must Believe in Spring,,
0,0,MC,1,BEATL,Bill Frisell,All We Are Saying,,
0,0,M3,1,JAZZ3,Bill Frisell,Americana,+Maret +Collin,
0,0,MC,1,JAZZ3,Bill Frisell,Blues Dream,,
0,0,MC,1,JAZZ3,Bill Frisell,Disfarmer,,
0,0,MC,1,JAZZ3,Bill Frisell,Ghost Town,,
0,0,MC,1,JAZZ3,Bill Frisell,Going Back Home,+Ginger Baker,
0,0,MC,1,JAZZ3,Bill Frisell,Guitar in the Space Age,,
0,0,MC,1,JAZZ3,Bill Frisell,Have a Little Faith,,
0,0,M3,2,JAZZ3,Bill Frisell,With Orchestra,,
0,0,M3,2,FOLK2,Bill Gaither,Blue Grass Homecoming,V1+V2,
0,434,LP,1,FOLK4,Bill Monroe,+Flatt and Scruggs,,
0,0,MC,2,FOLK4,Bill Monroe,Anthology,,
0,0,MC,1,FOLK4,Bill Monroe,Bean Blossom,,
0,0,MC,1,FOLK4,Bill Monroe,Big Mon,,
0,498,LP,1,FOLK4,Bill Monroe,Greatest Hits,,
0,0,MC,1,FOLK4,Bill Monroe,Mountain Stage,,
0,0,MC,1,FOLK4,Bill Monroe,Sixteen Gems,,
0,0,MC,1,FOLK4,Bill Monroe,True Life Blues,DUP,
0,0,MC,1,FOLK4,Bill Monroe,Very Best Of,,
360094,0,MC,1,FOLK4,Bill Monroe,Music of,,
630080,0,MC,1,FOLK4,Bill Monroe,Off the Record,,
0,0,MD,1,CLASS,Bill Whelan,The Seville Suite,Irish Classical,
0,290,XX,1,ROCK1,Bill Wyman,Monkey Grip,,
0,0,M3,1,FOLK1,Billy Bragg,Recordings From The Railroad,,
0,0,CC,1,JAZZ1,Billy Hart,One is The Other,,
0,0,MC,1,JAZZ1,Billy Hart Quartet,One Is the Other,,
0,0,CD,1,ROCK1,Billy Idol,Greatest Hits,,
0,0,MC,1,ROCK1,Billy Joel,Essential,,
950000,0,CD,1,JAZZ1,Billy Lester,Captivating Rhythm,,
0,0,M3,1,FOLK2,Billy Strings,Me+Dad,,
0,0,M3,1,FOLK2,Billy Strings,Renewal,,
0,0,MC,1,JAZZ2,Billy Taylor,Dr T.,,
0,0,MC,1,JAZZ2,Billy Taylor,Solo,,
0,0,MC,1,JAZZ2,Bix Beiderbecke,At the Jazz Band Ball V2,,
0,0,MC,1,JAZZ2,Bix Beiderbecke,In A Mist,,
0,0,MC,1,JAZZ2,Bix Beiderbecke,Mississippi Mud,,
0,0,MC,2,JAZZ2,Bix Beiderbecke,Singing the Blues,,
0,0,CC,1,ROCK1,Black Keys,Turn Blue,,
690809,44,MD,2,ROCK4,Blind Faith,Blind Faith,Deluxe Edition,
0,0,CD,1,WOMEN,Blondie,Best Of,,
0,0,MC,1,WOMEN,Blondie,Greatest Hits,,
0,0,MC,1,FOLK1,Blue Highway,Its a Long Road,,
0,0,MC,1,DEAD1,Bob Weir,Weir + Wasserman Live,,
720501,210,MC,1,DEAD1,Bob Weir,Ace,,
720501,210,MD,1,DEAD1,Bob Weir,Ace,,
760399,355,LP,1,DEAD1,Bob Weir,Kingfish,,
760399,355,MC,1,DEAD1,Bob Weir,Kingfish,,
780113,469,MD,1,DEAD1,Bob Weir,Heaven Help The Fool,,
811021,470,LP,1,DEAD1,Bob Weir,Bobby and the Midnights,,
890905,0,M3,2,DEAD1,Bob Weir,Long Island Sound,,
0,0,MP,1,FOLK1,Bob Wills,Roly Poly,,
0,0,MC,1,JAZZ1,Bobby Hutcherson,For Sentimental Reasons,,
0,0,MC,1,JAZZ1,Bobby Hutcherson,Mirage,,
0,0,MP,1,WOMEN,Bonnie Raitt,Bonnie Raitt,,
0,0,MC,1,WOMEN,Bonnie Raitt,Collection,,
0,0,MC,1,WOMEN,Bonnie Raitt,Silver Lining,,
0,0,MC,1,WOMEN,Bonnie Raitt,Slipstream,,
720000,396,MC,1,WOMEN,Bonnie Raitt,Give It Up,+Let It Bleed,
720000,396,VL,1,WOMEN,Bonnie Raitt,Give It Up,,
0,0,CC,1,JAZZ4,Brad Mehldau,Art of the Trio,,
0,0,M3,1,JAZZ4,Brad Mehldau,Jacobs Ladder,,
0,0,CC,2,JAZZ4,Brad Mehldau,Live in Marciac,,
0,0,M3,1,JAZZ4,Brad Mehldau,Long Gone,+JoshuaRedmond,
0,0,CC,1,JAZZ4,Brad Mehldau,Ode,,
0,0,M3,1,JAZZ4,Brad Mehldau,Round Again,+JoshuaRedmond,
0,0,M3,1,JAZZ4,Brad Mehldau,Suite April 2020,,
0,0,M3,1,BEATL,Brad Mehldau,Your Mother Should Know,,
0,0,MC,1,ROCK4,Brad Paisley,5th Gear,,
0,0,MC,1,ROCK4,Brad Paisley,American Saturday Night,,
0,0,MC,1,ROCK4,Brad Paisley,Moonshine in the Trunk,,
0,0,MC,1,ROCK4,Brad Paisley,Part II,,
0,0,MC,1,ROCK4,Brad Paisley,Play,,
0,0,MC,1,ROCK4,Brad Paisley,This is Country Music,,
0,0,MC,1,ROCK4,Brad Paisley,Time Well Wasted,,
0,0,MC,1,ROCK4,Brad Paisley,Wheelhouse,,
0,0,MC,1,ROCK4,Brad Paisley,Who Needs Pictures,,
0,0,M3,1,CLASS,Brahms,Piano Trios,,
680000,157,KP,1,ROCK1,Brewer and Shipley,Down in LA,,
690000,158,KP,1,ROCK1,Brewer and Shipley,Weeds,,
700000,159,KP,1,ROCK1,Brewer and Shipley,Tarkio,,
710000,160,KP,1,ROCK1,Brewer and Shipley,Shake Off the Demon,,
720000,276,KP,1,ROCK1,Brewer and Shipley,Rural Space,,
0,0,MC,1,JAZZ1,Brian Bromberg,Downright Upright,,
0,0,M3,1,JAZZ1,Brian Eno,Mixing Colours,,
0,0,MP,1,ROCK1,Bruce Springsteen,Greatest Hits,,
0,0,MP,1,ROCK1,Bruce Springsteen,We Shall Overcome,,
0,0,MC,1,FOLK1,Buck Owens,Ultimate Collection,,
0,0,MC,1,JAZZ3,Bud Powell,Best Of,,
0,0,MC,1,JAZZ3,Bud Powell,The Amazing V3,,
490056,0,MD,4,JAZZ3,Bud Powell,Classic Recordings 1949-1956,,
0,0,CC,1,JAZZ1,Buddy DiFranco,You Must Believe in Swing,,
0,275,LP,1,BLUER,Buddy Guy,+Junior Wells,,
0,0,MC,1,BLUER,Buddy Guy,Blues Singer,,
0,0,MC,3,BLUER,Buddy Guy,Cant Quit the Blues,,
0,0,MC,1,BLUER,Buddy Guy,Damn Right Ive Got the Blues,,
0,0,MC,1,BLUER,Buddy Guy,Feels Like Rain,,
0,0,MC,1,BLUER,Buddy Guy,Heavy Love,,
0,238,LP,1,BLUER,Buddy Guy,Hold that Plane,,
0,317,LP,1,BLUER,Buddy Guy,Left My Blues in SF,,
0,0,MC,1,BLUER,Buddy Guy,Living Proof,,
0,0,MC,1,BLUER,Buddy Guy,Skin Deep,,
0,0,MC,1,BLUER,Buddy Guy,Slipping In,,
0,0,MC,1,BLUER,Buddy Guy,Sweet Tea,,
0,0,M3,1,BLUER,Buddy Guy,The Blues Dont Lie,,
0,0,MC,1,BLUER,Buddy Guy,Very Best Of,,
660000,63,VL,1,ROCK1,Buffalo Springfield,Buffalo Springfield,,
670000,64,MP,1,ROCK1,Buffalo Springfield,Again,,
670000,64,VL,1,ROCK1,Buffalo Springfield,Again,,
680000,65,VL,1,ROCK1,Buffalo Springfield,Last Time Around,,
0,0,M3,1,ROCK4,Byrds,Essential,,
0,0,MC,1,ROCK4,Byrds,Sweetheart of the Rodeo,,
0,0,MC,1,ROCK4,Byrds,Younger Than Yesterday,,
670807,161,MC,1,ROCK4,Byrds,Greatest Hits V1 + V2,,
700914,68,MD,2,ROCK4,Byrds,Untitled,,
730307,0,MD,1,ROCK4,Byrds,Byrds,,
791199,0,MD,1,ROCK4,Byrds,Byrds Play Dylan,,
0,0,M3,1,ROCK4,CSNY,CSNY 1974,,
0,173,VL,1,ROCK4,CSNY,Crosby and Nash,,
0,37,XX,2,ROCK4,CSNY,Live at Felt Forum,,
0,0,MD,1,ROCK4,CSNY,So Far,,
690000,13,MC,1,ROCK4,CSNY,Crosby Stills and Nash,DAMAGED,
700000,32,KP,1,ROCK4,CSNY,Deja Vu,,
700000,32,MC,1,ROCK4,CSNY,Deja Vu,DAMAGED,
700000,101,XX,1,ROCK4,CSNY,Wooden Nickel,Bootleg,
710000,73,M3,2,ROCK4,CSNY,Four Way Street,,
0,0,MC,1,ROCK1,Cake,Comfort Eagle,,
0,0,MC,1,ROCK1,Cake,Motorcade of Generosity,,
0,0,MC,1,ROCK1,Cake,Showroom of Compassion,,
9999,0,MD,1,JAZZ3,California Guitar Trio,Rocks the Weat,,
19999,0,MD,1,JAZZ3,California Guitar Trio,Ten Xmas Songs,,
29999,0,MD,1,JAZZ3,California Guitar Trio,CGT3+2,,
39999,0,MD,1,JAZZ3,California Guitar Trio,First Decade,,
939999,0,MD,1,JAZZ3,California Guitar Trio,Yamanashi Blues,,
959999,0,MD,1,JAZZ3,California Guitar Trio,Invitation,,
989999,0,MD,1,JAZZ3,California Guitar Trio,Pathways,,
0,0,MC,1,CLASS,Canadian Brass,English Renaissance Music,,
0,0,MC,1,CLASS,Canadian Brass,The Dixieland Album,,
0,0,M3,1,JAZZ1,Cannonball Adderley,Something Else,,
@00000,0,MC,1,XMASS,Caribbean Steel Drum Ensemble,Christmas in Caribbean,,
0,0,M3,1,XMASS,Carlos-Nakai,Winter-Dreams,,
0,0,MC,1,FOLK1,Carter Family,Press On,#NAME?,
0,0,MC,1,FOLK1,Carter Family,The Unbroken Circle,Tribute,
0,0,MC,1,CLASS,Catalina Vicens,Parthenia,,
0,0,CD,1,JAZZ1,Cecil Taylor,Unit Structures,Weird,
0,0,MC,1,JAZZ1,Charles Lloyd,Hagars Song,+Jason Moran,
0,0,CC,1,JAZZ1,Charlie Byrd,At the Village Gate,,
0,0,MC,1,JAZZ1,Charlie Christian,Genius of Electric Guitar,,
0,305,VL,1,ROCK1,Charlie Daniels,Charlie Daniels,,
0,0,MC,1,BLUER,Charlie Musselwhite,Continental Drifter,,
0,0,MC,1,BLUER,Charlie Musselwhite,In My Time,,
0,0,MC,1,BLUER,Charlie Musselwhite,Juke Joint Chapel,,
0,0,MC,1,BLUER,Charlie Musselwhite,Rough News,,
0,0,MC,1,FOLK1,Cherryholmes,Cherryholmes I,,
0,0,MC,1,FOLK1,Cherryholmes,Cherryholmes III,,
0,0,CC,1,FOLK2,Chet Atkins,CGP,,
0,0,CC,1,FOLK2,Chet Atkins,Read My Licks,,
0,0,CC,2,FOLK2,Chet Atkins,The RCA Years,,
0,0,MC,1,JAZZ5,Chick Corea,Change,,
0,293,LP,2,JAZZ5,Chick Corea,Circle Paris Concert,,
0,0,MC,2,JAZZ5,Chick Corea,Continents,,
0,0,MC,2,JAZZ5,Chick Corea,Duet with Hiromi,,
0,0,MC,2,JAZZ5,Chick Corea,Five Peace Band,+John McLaughlin,
0,0,MC,2,JAZZ5,Chick Corea,Forever,+Stanley Clarke,
0,0,MC,1,JAZZ5,Chick Corea,Like Minds,,
0,0,M3,1,JAZZ5,Chick Corea,Live at the Blue Note,,
0,0,MC,1,JAZZ5,Chick Corea,New Duets,+Gary Burton,
0,0,MC,1,JAZZ5,Chick Corea,Now He Sings Now He Sobs,,
0,0,CC,1,JAZZ5,Chick Corea,Origin,,
0,0,M3,1,JAZZ5,Chick Corea,Origin,,
0,0,MC,2,JAZZ5,Chick Corea,RTF Anthology,,
0,0,MC,1,JAZZ5,Chick Corea,Remembering Bud Powell,,
0,0,MC,2,JAZZ5,Chick Corea,Rendezvous in NY,,
0,0,MC,3,JAZZ5,Chick Corea,Trilogy,,
0,0,MC,1,JAZZ5,Chick Corea,Trio Live in Europe,,
0,0,MC,1,JAZZ5,Chick Corea,Ultimate Adventure,,
0,0,MC,1,JAZZ5,Chick Corea,Vigil,,
760000,0,MD,1,JAZZ5,Chick Corea,Corea+Hancock+Jarrett+Tyner,,
870000,0,CD,1,JAZZ5,Chick Corea,Mystic Bridge,,
0,0,M3,1,HARPS,Chieftans,Celtic Harp,,
0,0,M3,2,IRISH,Chieftans,Chronicles,,
0,0,M3,2,IRISH,Chieftans,Essential,,
0,0,M3,1,CLASS,Chopin,24 Preludes,,
0,0,MC,1,CLASS,Chopin,Chopin Variations V1,DUP,
0,0,MC,1,CLASS,Chopin,Chopin for Dummies,,
0,0,MC,1,CLASS,Chopin,Complete Preludes,,
0,0,M3,1,CLASS,Chopin,Etudes-Opus-10+25,,
0,0,M3,1,CLASS,Chopin,Funeral March,,
0,0,MC,1,CLASS,Chopin,Nocturnes 1-21,,
0,0,M3,1,CLASS,Chopin,Yunchan Lim-plays-Etudes,,
0,0,MC,1,ROCK1,Chris Isaak,Heart Shaped World,,
0,0,MC,1,ROCK1,Chris Isaak,Mr. Lucky,,
0,0,M3,1,FOLK3,Chris Thile,Goat Rodeo Sessions,+Edgar Meyer,
0,0,M3,1,FOLK3,Chris Thile,Live Duets,+Mike Marshall,
39999,0,MD,1,FOLK3,Chris Thile,Into the Cauldron,+Mike Marshall,
0,219,XX,1,ROCK1,Chuck Berry,Berrys Greatest Hits,,
0,261,XX,2,ROCK1,Chuck Berry,StL to SFO to Memphis,,
0,220,XX,1,ROCK1,Chuck Berry,Sweet Little Rock and Roller,,
0,0,MC,1,BLUES,Clarence Gatemouth Brown,Back to Bogalusa,,
0,0,MC,1,BLUES,Clarence Gatemouth Brown,Long Way Home,,
0,0,MC,1,BLUES,Clarence Gatemouth Brown,Standing My Ground,,
0,0,MC,1,XMASS,Clark Family,Smoky Mountain Holiday,,
0,321,LP,1,BLUES,Cleanhead Vinson,Cant Make Love Alone,,
0,0,CC,1,ROCK1,Coldplay,Ghost Stories,,
0,0,CD,1,ROCK1,Coldplay,Mylo Xyloto,,
0,0,CD,1,ROCK1,Coldplay,Parachutes,,
0,0,CD,1,ROCK1,Coldplay,Rush of Blood,,
0,0,CD,1,ROCK1,Coldplay,Viva La Viva,,
0,0,CD,1,ROCK1,Coldplay,X+Y,,
0,0,MC,1,JAZZ2,Count Basie,All About That Basie,,
0,0,M3,1,JAZZ2,Count Basie,Basie Swings The Blues,,
0,0,MC,1,JAZZ2,Count Basie,Count Plays Duke,,
0,0,MC,1,JAZZ2,Count Basie,One Oclock Jump,,
0,0,MC,1,FOLK2,Country Gentlemen,Country Songs Old and New,,
0,0,MC,1,FOLK2,Country Gentlemen,Folk Songs and Bluegrass,,
0,0,MC,1,FOLK2,Country Gentlemen,Sugar Hill Collection,,
630000,0,CD,1,FOLK2,Country Gentlemen,On the Road,,
0,0,CC,1,ROCK1,Cowboy Junkies,Caution Horses,,
0,0,MC,1,ROCK1,Cowboy Junkies,Songs of the Recollection,,
0,0,MC,1,FOLK1,Craig Duncan,Bluegrass Mountain Memories,,
0,0,M3,1,BEATL,Craig Duncan,Bluegrass-Beatles,,
0,0,MC,1,FOLK1,Craig Duncan,Sunday Morning Bluegrass,,
880000,0,CD,1,JAZZ1,Craig Fraedrich,First Flight,,
0,0,MC,1,JAZZ1,Craig Taborn,Chants,,
661209,26,MC,1,ROCK4,Cream,Fresh Cream,,
671100,27,MC,1,ROCK4,Cream,Disraeli Gears,,
680809,28,MC,1,ROCK4,Cream,Wheels of Fire,,
690205,30,XX,1,ROCK4,Cream,Goodbye,,
690707,2,MC,1,ROCK4,Cream,Best Of,,
700400,53,XX,1,ROCK4,Cream,Live Cream V1,,
720302,114,XX,1,ROCK4,Cream,Live Cream V2,,
0,0,MC,1,JAZZ2,Cyrus Chestnut,Eye of the Beholder,,
0,0,MC,1,JAZZ2,Cyrus Chestnut,Quartet,,
750000,362,MD,1,LOCAL,Danny Gatton,American Music,,
770000,0,MD,2,LOCAL,Danny Gatton,With Buddy Emmons Live,,
772001,0,MD,2,LOCAL,Danny Gatton,Live at Desperados,,
781231,412,MD,1,LOCAL,Danny Gatton,Redneck Jazz,,
870000,526,MD,1,LOCAL,Danny Gatton,Unfinished Business,,
910319,0,MC,1,LOCAL,Danny Gatton,88 Elmira Street,,
920000,0,MD,1,LOCAL,Danny Gatton,New York Stories,,
930000,0,CD,1,LOCAL,Danny Gatton,Cruising Deuces,,
940909,0,MD,2,LOCAL,Danny Gatton,In Concert 9/9/94,,
950000,0,MD,1,LOCAL,Danny Gatton,Redneck Jazz Explosion,,
980000,0,MD,1,LOCAL,Danny Gatton,Portraits,,
980000,0,MD,2,LOCAL,Danny Gatton,Untouchable,,
0,0,CC,1,ROCK1,Dar Williams,Mortal City,,
0,0,M3,1,ROCK1,Dave Alvin,Common Ground,,
0,0,MC,1,JAZZ2,Dave Brubeck,Night Shift,,
0,0,MC,1,JAZZ2,Dave Brubeck,Young Lions and Old Tigers,,
0,0,MC,2,JAZZ3,Dave Holland,Live at Birdland,,
0,0,MC,1,JAZZ3,Dave Holland,Prime Directive,,
0,0,MC,1,JAZZ3,Dave Holland,Prism,+Kevin Eubanks,
0,130,XX,1,ROCK1,Dave Mason,Alone Together,,
0,131,XX,1,ROCK1,Dave Mason,Headkeeper,,
0,0,MC,1,XMASS,David Arkenstone,Enchantment,,
720000,366,LP,1,FOLK1,David Bromberg,David Bromberg,,
720000,367,LP,1,FOLK1,David Bromberg,Demon in Disguise,,
740000,272,LP,1,FOLK1,David Bromberg,Wanted Dead or Alive,,
750000,407,LP,1,FOLK1,David Bromberg,Midnight on the Water,,
760000,385,LP,2,ROCK1,David Bromberg,How Late You Play Til,,
0,0,MC,1,ROCK1,David Crosby,Croz,,
0,0,M3,1,ROCK1,David Crosby,Here If You Listen,,
710000,106,KP,1,ROCK1,David Crosby,Remember My Name,,
0,0,M3,1,IRISH,David Davidson,Celtic Dreams,,
0,0,MD,1,JAZZ1,David Gilmore,Transitions,different guy,
0,0,M3,2,PROGS,David Gilmour,Live at Pompeii,,
0,0,MD,2,PROGS,David Gilmour,Live in Gdansk,+DVD,
0,0,MD,1,PROGS,David Gilmour,On an Island,,
780526,0,MD,1,PROGS,David Gilmour,David Gilmour,,
840305,0,MD,1,PROGS,David Gilmour,About Face,,
0,0,MC,1,FOLK4,David Grisman,Acoustic Christmas,,
0,0,MC,1,FOLK4,David Grisman,Acousticity,,
0,0,MC,1,FOLK4,David Grisman,Bluegrass Experience,,
0,0,MC,1,FOLK4,David Grisman,Dawg Tales,tribute,
0,0,MC,1,FOLK4,David Grisman,Dawgs Groove,,
0,0,MC,1,FOLK4,David Grisman,Early Dawg,,
0,0,CC,1,FOLK4,David Grisman,Mondo Mando,,
0,0,MC,1,FOLK4,David Grisman,Quartet,,
0,0,CC,1,FOLK4,David Grisman,The Rounder CD,,
0,0,MC,1,FOLK4,David Grisman,Tone Poems,+Tony Rice,
10623,0,MD,1,FOLK4,David Grisman,New River,+Denny Zeitlin,
970819,0,MD,1,FOLK4,David Grisman,Doc and Dawg,+Doc Watson,
999999,0,MD,1,FOLK4,David Grisman,Retrograss,+Hartford,+Mike Seeger
0,478,XX,1,ROCK1,David La Flamme,White Bird,,
80000,0,MD,1,DEAD1,Dead Grass,Dead Grass,+Vassar Clements,
0,0,MC,1,CLASS,Debussy,Complete Preludes,,
0,0,MC,1,CLASS,Debussy,Easy Listening Piano Classics,+Ravel,
0,0,MC,1,FOLK3,Del McCoury,American Classics,,
0,0,MC,1,FOLK3,Del McCoury,Cold Hard Facts,,
0,0,MC,1,FOLK3,Del McCoury,Family Circle,,
0,0,CC,1,FOLK3,Del McCoury,Its Just the Night,,
0,0,MC,1,FOLK3,Del McCoury,Old Memories,,
0,0,MC,1,FOLK3,Del McCoury,Promised Land,,
0,0,MC,1,FOLK3,Del McCoury,The Groove Grass Years,,
0,0,MC,1,FOLK3,Del McCoury,The Streets of Baltimore,,
0,0,MC,1,ROCK1,Derailers,Here Come The Derailers,,
0,0,M3,2,BLUER,Derek Trucks,Layla Revisited,,
0,0,MC,2,BLUER,Derek Trucks,Road Songs,,
0,0,MC,1,PROGS,Deuter,Dream Time,,
0,0,M3,1,JAZZ1,Dexter Gordon,Our Man in Paris,,
0,313,LP,1,ROCK1,Dickey Betts,Highway Call,,
691108,0,MC,3,DEAD2,Dicks Picks,Vol 16 - Fillmore West,,
700502,0,M3,3,DEAD2,Dicks Picks,Vol  8 - Harpur College,,
711031,0,MC,1,DEAD2,Dicks Picks,Vol  2 - Columbus Ohio,,
731202,0,MC,4,DEAD2,Dicks Picks,Vol 14 - Boston Music Hall,,
731219,0,MC,2,DEAD2,Dicks Picks,Vol  1 - Tampa,,
740900,0,MC,3,DEAD2,Dicks Picks,Vol  7 - Alexandra Palace,,
770903,0,M3,3,DEAD2,Dicks Picks,Vol 15 - Englishtown,,
780205,0,M3,3,DEAD2,Dicks Picks,Vol 18 - U of Iowa,,
810506,0,MC,3,DEAD2,Dicks Picks,Vol 13 - Nassau Coliseum,,
831014,0,MC,3,DEAD2,Dicks Picks,Vol  6 - Hartford,,
910925,0,MC,3,DEAD2,Dicks Picks,Vol 17 - Boston Garden,,
0,0,M3,2,ROCK2,Dire Straits,Alchemy Live,,
0,0,M3,1,ROCK2,Dire Straits,Encores,,
0,0,M3,1,ROCK2,Dire Straits,Live at the BBC,,
0,0,M3,2,ROCK2,Dire Straits,Live at the Rainbow,,
0,0,MP,1,ROCK2,Dire Straits,Money For Nothing,hits,
0,0,M3,2,ROCK2,Dire Straits,On the Night,,
780609,0,LP,1,ROCK2,Dire Straits,Dire Straits,,
780609,0,MC,1,ROCK2,Dire Straits,Dire Straits,,
790615,0,LP,1,ROCK2,Dire Straits,Communique,,
801017,0,MD,1,ROCK2,Dire Straits,Making Movies,,
820920,0,LP,1,ROCK2,Dire Straits,Love Over Gold,,
850513,0,LP,1,ROCK2,Dire Straits,Brothers In Arms,,
910909,0,LP,1,ROCK2,Dire Straits,On Every Street,,
910909,0,MC,1,ROCK2,Dire Straits,On Every Street,,
0,0,M3,1,FOLK3,Dirt Band,Circling Back,,
0,0,M3,1,FOLK3,Dirt Band,Speed of Life,,
0,0,M3,1,FOLK3,Dirt Band,Will the Circle Be Unbroken-V2,,
0,0,M3,2,FOLK3,Dirt Band,Will the Circle Be Unbroken-V3,,
721199,178,LP,3,FOLK3,Dirt Band,Will the Circle Be Unbroken-V1,,
721199,178,MD,3,FOLK3,Dirt Band,Will the Circle Be Unbroken-V1,,
0,0,MC,1,JAZZ2,Dizzy Gillespie,Copenhagen Concert,,
0,0,MC,1,JAZZ2,Dizzy Gillespie,Diz + Getz,,
0,0,MC,1,JAZZ2,Dizzy Gillespie,New Faces,,
0,0,MC,1,JAZZ2,Dizzy Gillespie,To Diz with Love,,
0,0,MD,1,JAZZ2,Django Reinhart,All Star Sessions,,
0,0,MP,1,JAZZ2,Django Reinhart,Djangology 49,,
0,0,M3,1,JAZZ2,Django Reinhart,Essential,,
0,458,LP,2,JAZZ2,Django Reinhart,Indispensible,,
0,377,LP,1,JAZZ2,Django Reinhart,Parisian Swing,,
0,268,LP,1,FOLK4,Doc Watson,Ballads from Deep Gap,,
0,0,MC,1,FOLK4,Doc Watson,Elementary,,
0,228,LP,2,FOLK4,Doc Watson,Essential,,
0,0,MC,1,FOLK4,Doc Watson,Home Sweet Home,,
0,0,MC,1,FOLK4,Doc Watson,Instrumental Collection,,
0,510,LP,1,FOLK4,Doc Watson,Lonesome Road,,
0,0,MC,1,FOLK4,Doc Watson,Mac and Doc and Del,,
0,0,MC,1,FOLK4,Doc Watson,On Stage,,
0,226,LP,2,FOLK4,Doc Watson,On Stage,,
0,0,MP,1,FOLK4,Doc Watson,Riding the Midnight Train,,
0,0,MC,1,FOLK4,Doc Watson,Third Generation Blues,,
0,0,MC,1,FOLK4,Doc Watson,Three Pickers,+Earl Scruggs,+Ricky Scaggs
809999,0,MD,1,FOLK4,Doc Watson,Reflections,+Chet Atkins,
950000,0,MD,4,FOLK4,Doc Watson,The Vanguard Years,,
0,0,MC,1,FOLK1,Dolly Parton,Horns+Halos,,
0,0,MC,1,FOLK1,Dolly Parton,Little Sparrow,,
0,0,M3,2,FOLK1,Dolly Parton,Smoky Mountain DNA,,
0,0,MC,1,FOLK1,Dolly Parton,The Grass Is Blue,,
0,0,MC,1,FOLK1,Dolly Parton,Trio I,,
0,0,MC,1,FOLK1,Dolly Parton,Trio II,,
0,0,MC,1,FOLK1,Don Reno,Original Dueling Banjos,,
0,464,XX,1,ROCK1,Donovan,Barabajagal,,
0,465,XX,1,ROCK1,Donovan,Hurdy Gurdy Man,,
0,466,XX,1,ROCK1,Donovan,Sunshine Superman,,
0,51,MP,1,ROCK1,Doors,Absolutely Live,,
0,0,MD,1,ROCK1,Doors,Greatest Hits,,
1114,0,MC,1,ROCK1,Doors,Stoned Immaculate,Tribute,
670104,6,MD,1,ROCK1,Doors,The Doors,,
670307,0,M3,3,ROCK1,Doors,Live at the Matrix 1967,,
670925,11,MD,1,ROCK1,Doors,Strange Days,,
680703,10,MD,1,ROCK1,Doors,Waiting For the Sun,,
690721,3,MD,1,ROCK1,Doors,Soft Parade,,
700209,21,MD,1,ROCK1,Doors,Morrison Hotel,,
700410,0,MC,2,ROCK1,Doors,Live in Boston,,
700502,0,M3,1,ROCK1,Doors,Live in Pittsburgh 1970,,
710501,72,MC,1,ROCK1,Doors,LA Woman,,
781127,508,CC,1,ROCK1,Doors,American Prayer,,
781127,508,VL,1,ROCK1,Doors,American Prayer,,
831017,509,VL,1,ROCK1,Doors,Alive She Cried,,
49999,0,MD,1,DEAD1,Dose Hermanos,Bright Shadows,+Constanten,+Bralove
0,0,MC,1,FOLK1,Doug Seegers,Going Down to the River,,
0,0,MC,1,FOLK2,Doyle Lawson,Hard Game of Love,,
0,0,M3,1,FOLK2,Doyle Lawson,In Session,,
0,0,M3,1,FOLK2,Doyle Lawson,Life Is A Story,,
0,0,MC,1,FOLK2,Doyle Lawson,Never Walk Away,,
0,0,MC,1,FOLK2,Doyle Lawson,Winding Through Life,,
0,0,MC,1,FOLK1,Dry Branch Fire Squad,Echoes of the Mountain,,
0,0,MC,1,JAZZ3,Duke Ellington,Duke Meets Count,,
0,0,MC,1,JAZZ3,Duke Ellington,In Grand Company,,
0,0,MC,1,JAZZ3,Duke Ellington,Ken Burns Jazz,,
0,0,MC,1,JAZZ3,Duke Ellington,The Okeh Ellington,,
0,0,MD,1,JAZZ3,Duke Ellington,Very Best Of,,
0,0,MP,1,JAZZ1,Dukes of Dixieland,Barn Burners,,
0,0,MC,1,ROCK3,Dylan,Essential,,
0,0,M3,1,ROCK3,Dylan,More Blood More Tracks,,
0,0,MC,2,ROCK3,Dylan,No Direction Home,,
0,0,MC,1,ROCK3,Dylan,The Freewheeling,,
620066,0,M3,2,ROCK3,Dylan,Live 1962-1966,,
650000,150,MD,1,ROCK3,Dylan,Bringing It All Back Home,,
650000,167,MD,1,ROCK3,Dylan,Highway 61,,
660000,0,CC,2,ROCK3,Dylan,Live 1966,,
660526,0,M3,2,ROCK3,Dylan,Royal-Albert-Hall,,
670000,67,MD,1,ROCK3,Dylan,Greatest Hits V1,,
690000,390,VL,1,ROCK3,Dylan,Nashville Skyline,,
700000,0,M3,3,ROCK3,Dylan,1970,+George Harrison,
710000,151,MD,2,ROCK3,Dylan,Greatest Hits V2,,
740000,444,SL,1,ROCK3,Dylan,Planet Waves,,
750000,361,MD,1,ROCK3,Dylan,Blood on the Tracks,,
750000,361,SL,1,ROCK3,Dylan,Blood on the Tracks,,
750000,0,M3,1,ROCK3,Dylan,Live 1975,,
760000,0,MD,1,ROCK3,Dylan,Hard Rain,,
0,0,CC,1,ROCK1,ELO,Zoom,,
0,0,MD,1,ROCK2,Eagles,Greatest Hits,,
0,0,MD,1,ROCK2,Eagles,Hell Freezes Over,,
0,0,M3,1,ROCK2,Eagles,Hotel California,,
0,0,M3,1,ROCK2,Eagles,Hotel California Live,,
0,0,MD,1,ROCK2,Eagles,On the Border,,
0,0,CD,1,ROCK2,Eagles,Out of Eden,,
0,0,MC,1,JAZZ1,Earl Hines,Piano Man,,
0,0,MC,1,JAZZ1,Earl Klugh,Hand Picked,,
0,0,MC,2,FOLK2,Earl Scruggs,Best Of,,
0,0,MC,2,FOLK2,Earl Scruggs,Essential,,
0,0,MC,1,FOLK2,Earl Scruggs,Ultimate Collection,,
0,0,MC,1,JAZZ1,Eberhard Weber,Fluid Rustle,,
0,0,MC,1,JAZZ1,Eberhard Weber,Pendulum,,
0,0,MC,1,JAZZ1,Eddie Palmieri,Listen Here,,
0,0,MC,1,FOLK1,Eddie and Martha Adcock,Spirited,,
0,0,MC,1,ROCK1,Edie Brickell,Shooting Rubberbands,DAMAGED,
0,0,MC,1,PROGS,Electric Light Orchestra,Zoom,,
0,0,MC,1,BLUES,Elmore James,Best of Fire Sessions,,
0,0,MC,1,ROCK1,Elton John,One Night Only,,
0,0,M3,1,BLUES,Elvin Bishop,The Blues Rolls On,,
0,0,CC,1,ROCK1,Elvis,Elvis at Sun,,
0,500,VL,1,ROCK1,Elvis,Greatest Hits,,
0,0,MC,1,XMASS,Emmylou Harris,Light of the Stable,Xmas,
0,0,MC,1,FOLK1,Emmylou Harris,Red Dirt Girl,,
0,0,MC,1,XMASS,Empire Brass,Joy To The World,,
0,0,M3,1,XMASS,Eric Byrd,Charlie Brown Christmas,,
0,0,MC,1,ROCK4,Eric Clapton,Clapton-2010,,
0,0,MC,2,BLUER,Eric Clapton,Crossroads Guitar Festival 2013,,
0,0,MC,1,BLUER,Eric Clapton,From the Cradle,,
0,123,LP,1,ROCK4,Eric Clapton,Guitar Boogie,,
0,0,MC,2,BLUER,Eric Clapton,Life in Twelve Bars,Collection,
0,0,MC,2,ROCK4,Eric Clapton,Live at MSG,+Steve Winwood,
0,0,MC,1,BLUER,Eric Clapton,Me and Mr. Johnson,,
0,0,M3,1,BLUER,Eric Clapton,Nothing But The Blues,,
0,0,MP,1,ROCK4,Eric Clapton,Unplugged,,
640000,185,XX,1,ROCK4,Eric Clapton,Five Live Yardbirds,,
660000,124,LP,1,BLUER,Eric Clapton,+Sonny Boy,,
700000,90,XX,1,ROCK4,Eric Clapton,Eric Clapton,,
700000,76,KP,2,ROCK4,Eric Clapton,Layla,,
700000,76,M3,1,ROCK4,Eric Clapton,Layla,,
720000,121,XX,2,ROCK4,Eric Clapton,History of,,
730000,186,XX,2,ROCK4,Eric Clapton,In Concert,,
730000,184,XX,1,ROCK4,Eric Clapton,Rainbow Concert,,
740700,461,MC,1,ROCK4,Eric Clapton,461 Ocean Boulevard,,
830000,505,XX,1,ROCK4,Eric Clapton,Timepieces,,
0,0,MC,1,JAZZ1,Eric Reed,Groovewise,,
0,0,MC,1,JAZZ2,Erroll Garner,Concert By the Sea,,
0,0,MC,1,JAZZ2,Erroll Garner,Essence Of,,
0,0,MC,1,JAZZ2,Erroll Garner,Solitaire,,
0,0,MC,1,JAZZ2,Erroll Garner,Yesterdays,,
0,0,MP,1,WOMEN,Eva Cassidy,American Tune,,
0,0,M3,1,WOMEN,Eva Cassidy,I Can Only Be Me,,
0,0,M3,1,WOMEN,Eva Cassidy,Imagine,,
0,0,M3,1,WOMEN,Eva Cassidy,Somewhere,,
0,0,M3,1,WOMEN,Eva Cassidy,Time After Time,,
960514,0,MD,1,WOMEN,Eva Cassidy,Live at Blues Alley,,
980519,0,MD,1,WOMEN,Eva Cassidy,Songbird,,
0,0,MC,1,JAZZ1,Fats Waller,Greatest Hits,,
0,0,M3,1,CLASS,Ferdinand Ries,Piano Trios + Sextets,,
0,0,M3,3,BLUER,Fleetwood Mac,Before the Beginning,,
0,0,M3,1,BLUER,Fleetwood Mac,Boston,,
0,0,CC,1,ROCK3,Fleetwood Mac,Fleetwood Mac,,
0,0,MD,1,ROCK3,Fleetwood Mac,Greatest Hits,,
0,0,M3,1,ROCK3,Fleetwood Mac,Perfect in Every Way,,
0,0,M3,1,BLUER,Fleetwood Mac,Preaching the Blues,,
0,0,MC,1,ROCK3,Fleetwood Mac,Rumors,,
0,0,M3,2,ROCK3,Fleetwood Mac,Rumors Live,,
0,0,MC,1,ROCK3,Fleetwood Mac,The Dance,,
0,0,M3,1,BLUER,Fleetwood Mac,Then Play On,,
0,0,MC,2,ROCK3,Fleetwood Mac,Very Best Of,,
690000,104,LP,2,BLUER,Fleetwood Mac,In Chicago,,
690000,104,MC,2,BLUER,Fleetwood Mac,In Chicago,,
710000,99,LP,2,BLUER,Fleetwood Mac,Black Magic Woman,,
710000,411,LP,1,BLUER,Fleetwood Mac,Original Fleetwood Mac,,
0,0,MC,1,JAZZ1,Fletcher Henderson,Story V2,,
0,0,M3,1,ROCK1,Flying Burrito Brothers,Burrito Deluxe,,
0,0,M3,1,ROCK1,Flying Burrito Brothers,Gilded Palace of Sin,,
0,0,XX,1,CLASS,Forever Gold,Magic of the Guitar,hits,
0,0,MC,1,XMASS,Four Girls Four Harps,At Christmas,,
0,0,CC,1,JAZZ1,Frank Sinatra,Duets,,
0,0,CC,1,JAZZ1,Frank Sinatra,Duets,,
970000,0,CD,2,JAZZ1,Frank Sinatra,My Way Best Of,,
0,0,MC,1,JAZZ1,Gary Burton,Passengers,,
0,0,M3,1,PROGS,Genesis,Please-Dont-Touch,Err:509,
710000,479,NX,1,PROGS,Genesis,Nursery Cryme,,
720915,480,MC,1,PROGS,Genesis,Foxtrot,,
720915,480,NX,1,PROGS,Genesis,Foxtrot,,
730000,365,NX,1,PROGS,Genesis,Selling England By the Pound,,
741122,0,MD,1,PROGS,Genesis,Lamb Lies Down,,
0,0,M3,2,JAZZ2,George Benson,Essential,,
0,0,M3,1,JAZZ2,George Benson,Songs and Stories,,
0,0,MC,1,JAZZ1,George Gershwin,Piano Rolls,,
700000,147,XX,3,ROCK1,George Harrison,All Things Must Pass,,
710000,168,LP,3,ROCK1,George Harrison,Concert for Bangladesh,,
0,0,M3,1,XMASS,George Winston,Music of Vince Guaraldi V2,,
0,0,M3,1,ROCK1,George Winston,Night-Divides-The-Day,,
0,0,M3,1,JAZZ1,Gil Evans,Centennial,,
0,0,CD,1,MISCS,Gipsy Kings,Best Of,,
0,450,LP,1,FOLK1,Good Old Boys,Pistol Packing Mama,,
0,115,VL,1,ROCK1,Graham Nash,Songs for Beginners,,
0,0,MC,1,ROCK2,Gram Parsons,Grievous Angel,,
0,0,MC,2,ROCK2,Gram Parsons,Sacred Hearts+Fallen Angels,,
0,0,MC,1,JAZZ2,Grant Green,Born to be Blue,,
0,0,MC,1,JAZZ2,Grant Green,Idle Moments,,
0,0,MC,1,FOLK1,Grascals,Long List of Heartaches,,
0,0,MC,1,FOLK1,Grascals,The Grascals,,
0,0,CC,1,FOLK1,Grasscals,Long List of Heartaches,,
20399,0,MD,2,DEAD2,Grateful,Postcards of the Hanging,,
50315,0,MD,5,DEAD2,Grateful,Movie Soundtrack,,
50626,0,MD,2,DEAD2,Grateful,Hundred Year Hall,,
70626,0,M3,2,DEAD2,Grateful,Three from the Vault,,
670317,201,XX,1,DEAD2,Grateful,The Grateful Dead,,
680718,202,CC,1,DEAD2,Grateful,Anthem Extended,,
680718,202,MD,1,DEAD2,Grateful,Anthem of the Sun,,
680823,0,MD,2,DEAD2,Grateful,Two from the Vault,,
690620,203,MD,1,DEAD2,Grateful,Aoxomoxoa,,
691110,196,MD,2,DEAD2,Grateful,Live Dead,,
700399,269,NX,1,DEAD2,Grateful,Zabriskie Point,,
700506,0,CI,1,DEAD2,Grateful,MIT 050670,ISO of .WAVs,
700506,0,MC,1,DEAD2,Grateful,MIT 050670,,
700714,204,MD,1,DEAD2,Grateful,Workingmans Dead,,
701099,206,NX,1,DEAD2,Grateful,Vintage,,
701101,205,MD,1,DEAD2,Grateful,American Beauty,,
710699,207,NX,1,DEAD2,Grateful,Historic Dead,,
711024,194,MP,2,DEAD2,Grateful,Skull and Roses,,
720000,0,MD,4,DEAD2,Grateful,England 72,,
720000,0,MD,2,DEAD2,Grateful,Europe 72 V2,,
720827,0,MD,4,DEAD2,Grateful,Sunshine Daydream,,
721101,198,MD,2,DEAD2,Grateful,Europe 72,,
730613,0,MS,4,DEAD2,Grateful,RFK-061073,Amazing,
730713,208,MP,1,DEAD2,Grateful,Bears Choice,,
731015,209,MC,1,DEAD2,Grateful,Wake of the Flood,,
740627,271,MD,1,DEAD2,Grateful,Mars Hotel,,
740627,271,MC,1,DEAD2,Grateful,Mars Hotel Extended,,
750813,0,MD,2,DEAD2,Grateful,One from the Vault,,
750901,333,MC,1,DEAD2,Grateful,Blues For Allah,,
760626,356,XX,2,DEAD2,Grateful,Steal Your Face,,
770727,400,MD,1,DEAD2,Grateful,Terrapin Station,,
770727,400,MC,1,DEAD2,Grateful,Terrapin Station Extended,,
780000,0,DV,1,DEAD2,Grateful,Egypt 1978,,
780000,0,MD,2,DEAD2,Grateful,Egypt 1978,,
781115,401,XX,1,DEAD2,Grateful,Shakedown Street,,
810401,451,MD,2,DEAD2,Grateful,Reckoning,,
810826,454,MD,2,DEAD2,Grateful,Dead Set,,
870706,520,M3,1,DEAD2,Grateful,In the Dark,,
890707,0,MS,3,DEAD2,Grateful,Crimson White+Indigo,,
891030,0,MD,1,DEAD2,Grateful,Dylan and the Dead,,
891031,0,MD,1,DEAD2,Grateful,Built to Last,,
900000,0,M3,2,DEAD2,Grateful,So Glad You Made It,Spring 1990,
900300,0,MC,3,DEAD2,Grateful,Dozing at the Knick,,
900999,0,MD,2,DEAD2,Grateful,Without a Net,,
911101,0,MS,1,DEAD2,Grateful,Infrared Roses,,
940095,0,MD,2,DEAD2,Grateful,Grayfolded,,
970617,0,MS,2,DEAD2,Grateful,Fallout from the Phil Zone,,
980999,0,MD,1,DEAD2,Grateful,Twilight Zone Soundtrack,,
990209,0,MD,1,DEAD2,Grateful,The Strange Remain,,
0,89,SL,1,ROCK1,Nils_Lofgren,Grin,,
0,0,MP,1,ROCK1,Nils_Lofgren,Silver_Lining,,
0,0,MP,1,ROCK1,Nils_Lofgren,Nils_Lofgren,,
70000,0,MD,1,LOCAL,Grits,Tailwind,Tom Wright,
89999,0,MD,1,LOCAL,Grits,Rock and Roll Madness,LOCAL,
729999,0,MD,1,LOCAL,Grits,As the World Grits,LOCAL,
979999,0,MD,1,LOCAL,Grits,Rare Birds,LOCAL,
690000,8,LP,1,JAZZ1,Guess Who,Canned Wheat,Missing,
690000,7,LP,1,JAZZ1,Guess Who,Wheatfield Soul,Missing,
0,0,MC,1,BLUES,Guy Davis,Juba Dance,,
0,0,MC,1,FOLK1,Hank Williams III,Long Gone Daddy,,
0,443,LP,1,JAZZ1,Happy The Man,Happy The Man,,
0,247,SL,1,BLUES,Harvey Mandel,Get Off in Chicago,,
9999,114,MD,1,LOCAL,Harvey Reid,Guitar Voyages,,
19999,115,MD,1,LOCAL,Harvey Reid,The Great Sad River,,
29999,116,MD,1,LOCAL,Harvey Reid,Dreamer or Believer,,
39999,117,MD,1,LOCAL,Harvey Reid,Autoharp Album,,
49999,118,MD,1,LOCAL,Harvey Reid,Kindling the Fire,,
849999,111,MD,1,LOCAL,Harvey Reid,Xmas Album,,
869999,103,MD,1,LOCAL,Harvey Reid,Coming of Winter,,
889999,104,MD,1,LOCAL,Harvey Reid,Of Wind and Water,,
899999,105,MD,1,LOCAL,Harvey Reid,Solo Guitar Sketchbook,,
909999,106,MD,1,LOCAL,Harvey Reid,Overview,,
929999,107,MD,1,LOCAL,Harvey Reid,Steel Driving Man,,
939999,108,MD,1,LOCAL,Harvey Reid,Circles,,
949999,109,MD,1,LOCAL,Harvey Reid,Chestnuts,,
959999,110,MD,1,LOCAL,Harvey Reid,Artistry of 6-String Banjo,,
979999,112,MD,1,LOCAL,Harvey Reid,In Person,,
989999,113,MD,1,LOCAL,Harvey Reid,Fruit on the Vine,,
0,0,MC,1,CLASS,Haydn,Piano Sonatas,,
0,0,M3,1,ROCK2,Hendrix,Both Sides of the Sky,,
0,0,M3,1,ROCK2,Hendrix,Live at LA Forum 4-26-69,,
0,0,M3,1,ROCK2,Hendrix,Live at Monterey,,
0,0,M3,2,ROCK2,Hendrix,Live in Maui,,
0,0,MP,1,ROCK2,Hendrix,Stone Free,Tribute,
670816,0,M3,1,ROCK2,Hendrix,Live at Hollywood Bowl,,
670823,31,MD,1,ROCK2,Hendrix,Are You Experienced,,
671201,16,M3,1,ROCK2,Hendrix,Axis Bold as Love,,
681016,33,MD,2,ROCK2,Hendrix,Electric Ladyland,,
690730,12,MP,1,ROCK2,Hendrix,Smash Hits,,
700325,54,M3,1,ROCK2,Hendrix,Band of Gypsys 1,,
707110,112,XX,1,ROCK2,Hendrix,Rainbow Bridge,,
708208,524,SL,2,ROCK2,Hendrix,The Jimi Hendrix Concerts,,
708610,523,M3,1,ROCK2,Hendrix,Band of Gypsys 2,,
710000,218,XX,1,ROCK2,Hendrix,Friends Beginning,+Little Richard,
710305,75,KP,1,ROCK2,Hendrix,Cry of Love,RARE,
990223,0,MD,2,ROCK2,Hendrix,Live at Fillmore East,,
0,0,MC,1,JAZZ4,Herbie Hancock,Best Of,,
0,0,MC,2,JAZZ4,Herbie Hancock,Complete WB Recordings,,
0,0,MC,1,JAZZ4,Herbie Hancock,Empyrean Isles,,
0,0,M3,2,JAZZ4,Herbie Hancock,Essential,,
0,0,MC,1,JAZZ4,Herbie Hancock,Gershwin World,,
0,0,MC,1,JAZZ4,Herbie Hancock,Maiden Voyage,,
0,0,MC,1,JAZZ4,Herbie Hancock,Possibilities,,
0,0,MC,1,JAZZ4,Herbie Hancock,The Imagine Project,,
0,0,MC,1,FOLK1,Hillmen,The Hillmen,,
0,0,M3,1,JAZZ2,Hiromi,Move,,
170000,0,MD,1,JAZZ2,Hiromi,Live in Montreal,,
169999,0,MD,2,DEAD1,Holly Bowling,Better Left Unsung,,
0,0,MC,1,CLASS,Holst,The Planets,,
0,0,MC,1,BLUES,Homemade Jamz Band,Homemade Jamz Band,kids,
0,0,M3,1,CLASS,Hong Kong Orchestra,Concertos for Mallets,,
0,0,MC,1,JAZZ1,Horace Silver,Jazz Messengers,,
0,0,MC,1,FOLK1,Hot Rize,Untold Stories,,
0,0,M3,1,ROCK1,Hot Tuna,Before We Were Them,,
0,338,XX,1,ROCK1,Hot Tuna,Burgers,,
0,254,XX,1,ROCK1,Hot Tuna,Hot Tuna,,
0,241,LP,2,BLUES,Howling Wolf,Chester Burnett AKA,,
0,0,MC,1,BLUES,Howling Wolf,His Best,,
0,0,MC,1,BLUES,Howling Wolf,Howling Wolf + Moaning,,
0,132,LP,1,BLUES,Howling Wolf,London Sessions,,
0,0,M3,1,FOLK1,Infamous Stringdusters,Fork in the Road,,
680000,4,SL,1,ROCK1,Iron Butterfly,Heavy,,
680000,1,VT,1,ROCK1,Iron Butterfly,Inna Gadda da Vida,,
690000,5,SL,1,ROCK1,Iron Butterfly,Ball,,
0,0,LP,1,ROCK1,Its A Beautiful Day,Its A Beautiful Day,,
0,0,LP,1,ROCK1,Its A Beautiful Day,Marrying Maiden,,
0,0,M3,1,CLASS,JC Bach,Five Harpsichord Sonatas,,
0,0,MC,1,FOLK1,JD Crowe,Flashback,,
0,0,MC,1,FOLK1,JD Crowe,Leftys Old Guitar,,
0,0,MC,1,FOLK1,JD Crowe,The New South,,
0,0,M3,2,BLUER,JJ Cale,Live in San Diego,#NAME?,
0,0,M3,1,BLUER,JJ Cale,Paradise Studios,,
0,0,M3,1,BLUER,JJ Cale,Road-to-Escondido,#NAME?,
0,0,M3,1,BLUER,JJ Cale,The-Breeze,#NAME?,
0,0,MC,2,JAZZ1,Jack Teagarden,Indispensible,,
0,0,M3,1,ROCK3,Jackson Browne,Downhill From Everywhere,,
0,0,M3,2,ROCK3,Jackson Browne,Looking Into You,,
0,0,M3,1,ROCK3,Jackson Browne,Saturate Before Using,,
0,0,M3,2,ROCK3,Jackson Browne,Solo Acoustic,,
731099,0,MD,1,ROCK3,Jackson Browne,For Everyman,,
740913,0,MD,1,ROCK3,Jackson Browne,Late For the Sky,,
860218,0,MD,1,ROCK3,Jackson Browne,Lives in the Balance,,
0,0,CD,1,JAZZ1,Jackson Pollock,Jazz,,
0,0,MD,1,JAZZ1,Jaco Pastorius,Jaco Pastorius,,
0,0,MC,1,CLASS,Jade Bridge,Ambush On All Sides,,
0,0,M3,2,JAZZ1,Jake Shimabukuro,Live in Japan,,
0,0,MC,1,BLUES,James Cotton,Deep In the Blues,,
0,0,MC,1,BLUES,James Cotton,Living the Blues,,
760000,0,MD,1,ROCK1,James Taylor,Greatest Hits,,
989999,0,MD,1,DEAD1,Jazz is Dead,Blue Light Rain,,
999999,0,MD,1,DEAD1,Jazz is Dead,Laughing Water,,
0,397,MC,1,ROCK3,Jeff Beck,Blow By Blow + Wired,,
0,0,MC,1,ROCK3,Jeff Beck,Emotion and Commotion,,
0,0,MC,1,ROCK3,Jeff Beck,Jeff,,
0,0,M3,2,ROCK3,Jeff Beck,Live at Hollywood Bowl,,
0,0,M3,1,ROCK3,Jeff Beck,Loud Hailer,,
0,0,M3,1,ROCK3,Jeff Beck,Performing This Week,,
0,0,MC,1,ROCK3,Jeff Beck,Who Else,,
0,0,M3,1,ROCK3,Jeff Beck,Wired,,
720629,0,CC,1,ROCK3,Jeff Beck,Paris Theatre London,,
0,0,CC,1,ROCK1,Jeff Golub,Train Keeps Trolling,,
0,0,CD,1,ROCK1,Jeff Healey,See the Light,,
0,0,MC,1,JAZZ1,Jeff Lorber,Hacienda,,
0,0,M3,1,ROCK1,Jefferson Airplane,Fillmore East 1969,,
0,369,XX,1,ROCK1,Jefferson Airplane,Volunteers,,
0,0,MC,1,CLASS,Jeffrey Biegel,Grand Romance,,
0,0,MP,1,JAZZ1,Jelly Roll Morton,Greatest Hits,,
0,0,MP,1,JAZZ1,Jelly Roll Morton,King of NOLA Jazz,,
0,0,MC,1,FOLK2,Jerry Douglas,Best Kept Secrets,,
0,0,M3,1,FOLK2,Jerry Douglas,Leftover Feelings,+John Hiatt,
0,0,MC,1,FOLK2,Jerry Douglas,Three Bells,+Mike Auldridge,
0,0,M3,2,DEAD1,Jerry Garcia,Live-V20-Cape-Cod,,
0,0,M3,2,DEAD1,Jerry Garcia,Live-V9-Keystone,+Merle,
425,0,MD,1,DEAD1,Jerry Garcia,The Pizza Tapes,,
10911,0,MD,1,DEAD1,Jerry Garcia,Grateful Dawg,WOW,
709810,0,CD,1,DEAD1,Jerry Garcia,+Howard Wales,,
711101,212,LP,1,DEAD1,Jerry Garcia,Hooteroll,+Howard Wales,
711101,212,MD,1,DEAD1,Jerry Garcia,Hooteroll,+Howard Wales,
720120,193,MD,1,DEAD1,Jerry Garcia,Garcia,,
720299,346,LP,1,DEAD1,Jerry Garcia,Heavy Turbulence,,
730599,213,LP,1,DEAD1,Jerry Garcia,Fire Up,,
730705,0,M3,3,DEAD1,Jerry Garcia,Live-V6-Lions-Share,+Merle,
730710,214,LP,2,DEAD1,Jerry Garcia,Live at Keystone,,
740699,270,XX,1,DEAD1,Jerry Garcia,Compliments Of,,
750000,0,CJ,1,DEAD1,Jerry Garcia,WHFS Interview Cerphe 1975,,
760215,345,XX,1,DEAD1,Jerry Garcia,Reflections,,
780415,399,XX,1,DEAD1,Jerry Garcia,Cats Down Under the Stars,,
829999,471,LP,1,DEAD1,Jerry Garcia,Run For the Roses,,
860127,0,M3,1,DEAD1,Jerry Garcia,Live-V14-The-Ritz,,
880301,521,LP,1,DEAD1,Jerry Garcia,Keystone Encores V1,,
880301,522,LP,1,DEAD1,Jerry Garcia,Keystone Encores V2,,
881206,0,MD,1,DEAD1,Jerry Garcia,Almost Acoustic,,
890905,0,M3,4,DEAD1,Jerry Garcia,Long Island Sound,,
910827,0,MD,1,DEAD1,Jerry Garcia,Jerry Garcia Band,,
950899,0,MD,1,DEAD1,Jerry Garcia,Blue Incantation,+Sanjay Mishra,
980899,0,MD,1,DEAD1,Jerry Garcia,So What,,
981099,0,MD,1,DEAD1,Jerry Garcia,Side Trips,+Howard Wales,
710000,79,MC,1,ROCK1,Jethro Tull,Aqualung,,
0,0,MC,1,JAZZ1,Jim Hall,Concierto,,
0,0,MC,1,JAZZ1,Jim Hall,Something Special,,
0,0,MC,1,FOLK2,Jim Lauderdale,Bluegrass Diaries,,
0,0,MC,1,FOLK2,Jim Lauderdale,Buddy+Jim,,
0,0,MC,1,FOLK2,Jim Lauderdale,I Feel Like Singing Today,+Ralph Stanley,
0,0,MC,1,FOLK2,Jim Lauderdale,Lost in the Lonesome Pines,+Ralph Stanley,
0,0,MC,1,FOLK2,Jim and Jesse,1952-1955,,
0,0,MC,1,FOLK2,Jim and Jesse,Essential,,
0,0,MC,1,FOLK2,Jim and Jesse,Songs From the Homeplace,,
0,468,LP,1,ROCK1,Jimmy Cliff,The Harder They Come,,
0,0,MC,1,FOLK1,Jimmy Martin,King of Bluegrass,DUP,
0,0,MC,1,JAZZ1,Jimmy Noone,Apex Blues,,
0,308,LP,1,BLUES,Jimmy Reed,Soul Greats,,
0,341,LP,1,BLUES,Jimmy Witherspoon,Best Of,,
0,0,MC,1,BLUES,Jimmy Witherspoon,Live at the Mint,+Robben Ford,
0,449,LP,1,ROCK1,Joan Armatrading,Show Some Emotion,,
0,0,M3,1,WOMEN,Joan Baez,Davids Album,,
0,0,MP,1,WOMEN,Joan Baez,Diamonds and Rust,,
0,47,LP,1,WOMEN,Joan Baez,One Day at a Time,Missing,
0,0,M3,3,WOMEN,Joan Baez,Rare Live Classic,,
0,0,M3,1,WOMEN,Joan Baez,Ring Them Bells,,
0,0,MC,1,HARPS,Joan Sparks,Reflections,,
820000,0,CD,1,CLASS,Joe Cunliffe,Dreams of Suchitlan,,
0,0,MC,1,BLUES,Joe Louis Walker,Great Guitars,,
0,0,MC,1,ROCK1,Joe Walsh,Analog Man,,
0,0,MC,1,JAZZ1,John Abercrombie,Speak of the Devil,,
0,0,MC,1,JAZZ1,John Abercrombie,Timeless,,
0,0,M3,1,BEATL,John Bayless,Bach on Abbey Road,,
0,0,MC,1,JAZZ3,John Coltrane,A Love Supreme,+Born to Run,
0,0,MC,1,JAZZ3,John Coltrane,Bags + Trane,,
0,0,MC,1,JAZZ3,John Coltrane,Both Directions at Once,,
0,0,MC,1,JAZZ3,John Coltrane,Giant Steps,,
0,0,MC,1,JAZZ3,John Coltrane,My Favorite Things,,
0,0,MC,1,JAZZ3,John Coltrane,The Prestige Era,,
0,0,MC,1,JAZZ3,John Coltrane,Very Best Of,,
0,337,LP,1,FOLK3,John Fahey,After the Ball,,
0,408,LP,1,FOLK3,John Fahey,America,,
0,0,MC,1,XMASS,John Fahey,Christmas Albums 1 + 2,,
0,301,LP,2,FOLK3,John Fahey,Essential,,
0,514,CC,1,FOLK3,John Fahey,Live in Tasmania,,
0,514,LP,1,FOLK3,John Fahey,Live in Tasmania,,
0,0,MC,1,FOLK3,John Fahey,Old Girlfriends,,
0,0,MC,2,FOLK3,John Fahey,Return of the Repressed,anthology,
0,0,MC,1,ROCK1,John Fogerty,Blue Moon Swamp,,
0,234,LP,2,BLUES,John Hammond,Best Of,,
0,225,LP,1,BLUES,John Hammond,John Hammond,,
0,0,MC,1,FOLK1,John Hartford,Wild Hog,,
0,0,M3,1,BLUES,John Lee Hooker,Icon,,
0,0,MC,1,BEATL,John Lennon,Legend,,
0,0,MP,1,BEATL,John Lennon,Mind Games,,
0,382,LP,1,BLUES,John Mayall,Mayall Clapton Taylor,,
0,163,SL,1,BLUES,John Mayall,Raw Blues,,
660000,118,LP,1,BLUES,John Mayall,Bluesbreakers,+Eric Clapton,
660000,118,M3,1,BLUES,John Mayall,Bluesbreakers,+Eric Clapton,
670000,155,LP,2,BLUES,John Mayall,A Hard Road,+Peter Green,
670000,155,M3,2,BLUES,John Mayall,A Hard Road,+Peter Green,
670000,295,LP,1,BLUES,John Mayall,The Blues Alone,,
680000,96,LP,1,BLUES,John Mayall,Bare Wires,,
680000,95,SL,1,BLUES,John Mayall,Diary of a Band V1,,
680000,129,SL,1,BLUES,John Mayall,Diary of a Band V2,,
690000,162,LP,1,BLUES,John Mayall,Looking Back,,
690000,296,LP,1,BLUES,John Mayall,Turning Point,,
700000,166,LP,1,BLUES,John Mayall,Empty Rooms,,
700000,248,LP,1,BLUES,John Mayall,USA Union,,
710000,87,LP,2,BLUES,John Mayall,Back to the Roots,,
710000,249,LP,1,BLUES,John Mayall,Memories,,
710000,119,LP,2,BLUES,John Mayall,Thru the Years,,
720000,277,LP,1,BLUES,John Mayall,Jazz Blues Fusion,,
720000,255,LP,1,BLUES,John Mayall,Moving On,,
0,0,M3,1,HARPS,John McCutcheon,Winter Solstice,,
0,328,LP,1,JAZZ1,John McLaughlin,Birds of Fire,,
0,0,MC,1,JAZZ1,John McLaughlin,Guitar Trio Passion Grace Fire,,
0,0,MC,1,JAZZ1,John McLaughlin,To The One,,
0,0,MC,1,JAZZ1,John Medeski,A Different Time,,
0,0,MC,1,JAZZ1,John Patitucci,Remeberence,,
0,0,M3,1,JAZZ1,John Pizzarelli,Double Exposure,,
0,0,MC,1,BLUES,John Primer,Knocking Around These Blues,,
0,0,MC,1,JAZZ4,John Scofield,Bump,,
0,0,MC,1,JAZZ4,John Scofield,Country for Old Men,,
0,0,MC,1,JAZZ4,John Scofield,Enroute Live,,
0,0,MC,1,JAZZ4,John Scofield,Fifty Four,,
0,0,MC,1,JAZZ4,John Scofield,Past Present,,
0,0,MC,1,JAZZ4,John Scofield,Thats Whatd Id Say,,
0,0,MC,1,JAZZ4,John Scofield,Up All Night,,
0,0,MC,1,JAZZ4,John Scofield,Userjam,,
0,488,LP,1,FOLK1,John Starling,Long Time Gone,,
0,0,MC,1,FOLK1,John Starling,Spring Training,DUP,
0,0,MC,1,BLUES,Johnny Winter,Step Back,,
0,0,CD,1,WOMEN,Joni Mitchell,Both Sides Now,,
0,0,M3,0,WOMEN,Joni Mitchell,Joni-Jam-At-Newport,,
0,0,M3,0,WOMEN,Joni Mitchell,Mingus,,
0,0,M3,0,WOMEN,Joni Mitchell,Shadows and Light,,
0,0,MD,1,WOMEN,Joni Mitchell,hits,,
680300,370,KP,1,WOMEN,Joni Mitchell,Song to a Seagull,,
690500,371,KP,1,WOMEN,Joni Mitchell,Clouds,,
700400,372,KP,1,WOMEN,Joni Mitchell,Ladies of the Canyon,,
700400,372,MD,1,WOMEN,Joni Mitchell,Ladies of the Canyon,,
710600,373,KP,1,WOMEN,Joni Mitchell,Blue,,
721100,351,KP,1,WOMEN,Joni Mitchell,For the Roses,,
721100,351,M3,0,WOMEN,Joni Mitchell,For the Roses,,
740117,352,KP,1,WOMEN,Joni Mitchell,Court and Spark,,
740117,352,M3,1,WOMEN,Joni Mitchell,Court and Spark,,
741100,405,KP,2,WOMEN,Joni Mitchell,Miles of Aisles,,
741100,405,MP,2,WOMEN,Joni Mitchell,Miles of Aisles,,
751100,402,KP,1,WOMEN,Joni Mitchell,Hissing of Summer Lawns,,
751100,402,M3,1,WOMEN,Joni Mitchell,Hissing of Summer Lawns,,
761100,0,MD,1,WOMEN,Joni Mitchell,Hejira,,
761100,381,KP,1,WOMEN,Joni Mitchell,Hejira,,
771200,403,KP,2,WOMEN,Joni Mitchell,Don Juans Reckless Daughter,,
771200,403,MP,2,WOMEN,Joni Mitchell,Don Juans Reckless Daughter,,
0,0,MC,1,ROCK1,Jorma Kaukonen,Quah,,
0,0,MC,1,FOLK1,Josh Graves,Debut,,
0,0,MC,1,FOLK1,Josh Graves,Puritan Sessions,+Kenny Baker,
0,0,MC,1,CLASS,Josh Wright,My Favorite Things,,
0,0,MC,1,BEATL,Julian Lennon,Everything Changes,,
0,0,MC,1,BLUES,Junior Wells,Hoodoo Man Blues,,
0,0,MD,1,WOMEN,KD Lang,All You Can Eat,,
0,0,MD,1,WOMEN,KD Lang,Ingenue,,
0,0,CD,1,WOMEN,KD Lang,Invincible Summer,,
0,0,MC,1,WOMEN,KD Lang,Makeover,,
0,0,M3,2,WOMEN,KD Lang,Recollection,,
0,0,CD,1,WOMEN,KD Lang,Shadowland,,
0,0,CD,1,WOMEN,KD Lang,Watershed,,
850000,0,CD,1,CLASS,Kaleidoscope,Second Hearing,Various,
0,0,MC,1,FOLK1,Kate+Anna McGarrigle,The McGarrigle Hour,,
0,0,MC,1,JAZZ5,Keith Jarrett,At the Deer Head,,
0,0,MC,2,JAZZ5,Keith Jarrett,Carnegie Hall Concert,,
0,0,MC,1,JAZZ5,Keith Jarrett,Changes,,
0,0,CC,1,JAZZ5,Keith Jarrett,Creation,,
0,0,MC,1,JAZZ5,Keith Jarrett,Facing You,,
0,0,MC,1,JAZZ5,Keith Jarrett,Inside Out,,
0,0,MC,1,JAZZ5,Keith Jarrett,Jasmine,,
0,0,MC,1,JAZZ5,Keith Jarrett,Koln Concert,,
0,0,MC,1,JAZZ5,Keith Jarrett,Last Dance,+Charlie Haden,
0,0,MC,2,JAZZ5,Keith Jarrett,My Foolish Heart,Live in Montreux,
0,0,MC,2,JAZZ5,Keith Jarrett,No End,,
0,0,MM,1,JAZZ5,Keith Jarrett,Out of Towners,,
0,0,MC,3,JAZZ5,Keith Jarrett,Paris + London Testament,,
0,0,MC,1,JAZZ5,Keith Jarrett,Somewhere,,
0,0,MC,1,JAZZ5,Keith Jarrett,Standards Live,,
0,0,MC,1,JAZZ5,Keith Jarrett,Standards V1,,
0,0,MC,2,JAZZ5,Keith Jarrett,Still Live,,
0,0,MC,1,JAZZ5,Keith Jarrett,Up For It,,
0,0,MC,2,JAZZ5,Keith Jarrett,Whisper Not,,
0,0,MC,1,JAZZ5,Keith Jarrett,Yesterdays,,
0,304,LP,1,DEAD1,Keith and Donna,Keith and Donna,,
0,0,MC,1,FOLK1,Kenny Baker,Master Fiddler,,
0,0,MC,1,JAZZ1,Kenny Burrell,Blue Lights V1,,
0,0,MC,1,FOLK2,Kentucky Colonels,Living in the Past,,
0,0,MC,1,FOLK2,Kentucky Colonels,Long Journey Home,,
0,0,M3,1,JAZZ1,Kevin Eubanks,East West Time Line,,
0,0,CD,1,ROCK1,Kilimanjaro,Kilimanjaro II,,
820000,0,CX,1,JAZZ1,Kilimanjaro,Kilimanjaro II,Lite Jazz,
0,0,M3,1,BLUER,King Albert,Four Kings--Albert,,
0,0,MC,1,BLUER,King Albert,Very Best Of,,
0,0,MC,1,BLUER,King Albert,Very Best Of,,
690000,252,SL,1,BLUER,King Albert,Years Gone By,,
700000,501,SL,1,BLUER,King Albert,Blues for Elvis,,
720000,253,SL,1,BLUER,King Albert,Ill Play the Blues for You,,
0,0,MC,1,BLUER,King BB,Eighty,,
0,0,MC,1,BLUER,King BB,Four Kings--BB,,
0,0,CC,1,BLUER,King BB,Riding with the King,+Clapton,
0,221,LP,1,BLUER,King BB,Underground Gold,,
650000,265,LP,1,BLUER,King BB,Live at the Regal,,
690000,322,LP,1,BLUER,King BB,Live and Well,,
700000,222,LP,1,BLUER,King BB,Indianola Mississippi Seeds,,
710000,84,SL,1,BLUER,King BB,Cook County Jail,,
710000,177,SL,1,BLUER,King BB,In London,,
720000,264,LP,1,BLUER,King BB,Guess Who,,
720000,223,LP,1,BLUER,King BB,LA Midnight,,
800000,236,LP,1,BLUER,King BB,Back in the Alley,,
0,46,CC,1,PROGS,King Crimson,In the Court of the Crimson King,,
0,46,KP,1,PROGS,King Crimson,In the Court of the Crimson King,,
0,0,M3,2,PROGS,King Crimson,Music Is Our Friend,,
0,0,MC,1,PROGS,King Crimson,Power to Believe,,
0,0,MC,1,PROGS,King Crimson,Thrak,,
0,57,KP,1,PROGS,King Crimson,Wake of Poseidon,,
0,0,M3,1,BLUER,King Earl,Four Kings--Earl,,
0,0,M3,1,BLUER,King Freddie,Four Kings--Freddie,,
0,0,MC,1,BLUER,King Freddie,My Feeling for the Blues,,
610000,527,SL,1,BLUER,King Freddie,Sings,,
710000,250,SL,1,BLUER,King Freddie,Getting Ready,,
730000,251,SL,1,BLUER,King Freddie,Woman Across the River,,
860000,528,SL,2,BLUER,King Freddie,Just Picking,,
0,0,MC,1,FOLK1,King Wilkie,Broke,,
0,0,M3,2,PROGS,Kraftwerk,Remixes,,
0,0,M3,1,JAZZ1,Kurt Rosenwinkel,Angels Around,,
0,0,MC,1,JAZZ1,LAGQ,Guitar Heros,,
0,0,MC,1,JAZZ1,LAPQ,Rupa Khandra,,
0,0,MC,1,JAZZ2,Larry Carlton,Fire Wire,,
0,0,MC,1,JAZZ2,Larry Carlton,Unplugged,+Robben Ford,
0,315,LP,1,JAZZ1,Larry Coryell,Barefoot Boy,,
0,417,LP,2,JAZZ1,Larry Coryell,Essential,,
0,312,LP,1,JAZZ1,Larry Coryell,Restful Mind,,
0,311,LP,1,JAZZ1,Larry Coryell,Spaces,,
0,0,MC,1,FOLK1,Larry Sparks,The Coldest Part Of Winter,,
750604,0,CD,2,DEAD1,Legion of Mary,Concert,,
0,0,MC,1,FOLK2,Leo Kottke,A Shout Towards Noon,,
0,299,LP,1,FOLK2,Leo Kottke,Dreams and All That Stuff,,
0,189,LP,1,FOLK2,Leo Kottke,Greenhouse,,
0,273,LP,1,FOLK2,Leo Kottke,Ice Water,,
0,513,LP,1,FOLK2,Leo Kottke,Kottke Lang Fahey,,
0,512,LP,1,FOLK2,Leo Kottke,Mudlark,,
0,0,MC,1,FOLK2,Leo Kottke,My Fathers Face,,
0,217,LP,1,FOLK2,Leo Kottke,My Feet are Smiling,,
0,0,M3,1,FOLK2,Leo Kottke,Noon,,
0,0,MC,1,FOLK2,Leo Kottke,Regards from Chuck Pink,,
691299,188,CD,1,FOLK2,Leo Kottke,6 and 12 String Guitar,+LP,
691299,188,LP,1,FOLK2,Leo Kottke,6 and 12 String Guitar,+CD,
691299,188,M3,1,FOLK2,Leo Kottke,6 and 12 String Guitar,+LP,
990629,0,M3,1,FOLK2,Leo Kottke,One Guitar No Vocals,,
990629,0,MD,1,FOLK2,Leo Kottke,One Guitar No Vocals,,
0,0,M3,1,JAZZ1,Les Paul,American Made World Played,,
0,410,LP,1,JAZZ1,Les Paul,Chester and Lester,,
0,0,CC,1,JAZZ1,Les Paul,Great Guitar Inventions,,
0,0,CC,1,JAZZ1,Lester Young,Piano Giants,,
850000,0,CD,1,JAZZ1,Lew Tabackin,Angelica,,
0,240,LP,1,BLUES,Lightning Hopkins,Got to Move Your Body,,
0,256,LP,1,BLUES,Lightning Hopkins,Lightning Strikes,,
0,239,LP,1,BLUES,Lightning Hopkins,The Blues Of,,
0,0,MC,1,FOLK1,Lilly Brothers,Early Recordings,,
0,0,MC,1,HARPS,Lily Laskine,Sakura,#NAME?,
0,292,SL,1,ROCK1,Link Wray,Link Wray,,
0,0,MC,1,HARPS,Linn Barnes,Sylvan Court,,
0,0,MC,1,JAZZ3,Lionel Hampton,Feel the Vibes,+Milt,+Gary
0,0,MC,1,JAZZ3,Lionel Hampton,Flying Home,,
0,0,MC,1,JAZZ3,Lionel Hampton,Hot Mallets,,
0,0,MC,4,JAZZ3,Lionel Hampton,Story,,
0,0,MC,1,HARPS,Lisa Lynne,Daughters of the Celtic Moon,,
0,0,MC,1,CLASS,Liszt,My Piano Hero,,
0,343,M3,1,ROCK3,Little Feat,Dixie Chicken,,
0,395,MC,1,ROCK3,Little Feat,Feats Dont Fail Me Now,+Buttons,
0,0,MC,1,ROCK3,Little Feat,Join the Band,,
0,0,MP,1,ROCK3,Little Feat,Warner Theatre 760510,,
0,393,XX,1,ROCK3,Little Feat,Last Record Album,,
0,394,MC,1,ROCK3,Little Feat,Sailing Shoes,,
0,387,XX,1,ROCK3,Little Feat,Time Loves a Hero,,
0,414,MD,2,ROCK3,Little Feat,Waiting For Columbus,Expanded,
0,0,MC,1,BLUES,Little Walter,His Best,,
0,0,MC,1,PROGS,Liz Story,Escape of the Circus Ponies,,
0,0,M3,1,XMASS,Liz Story,The Gift,,
0,0,MC,1,PROGS,Lonesome Orchestra,Ode to a Dream,,
0,0,MC,1,FOLK1,Lonesome River Band,Carrying the Tradition,,
0,0,MC,1,FOLK1,Longview,High Lonesome,,
0,0,MC,1,FOLK1,Longview,Longview,,
940322,0,MD,1,WOMEN,Loreena McKennitt,Mask and Mirror,,
980419,0,MD,2,WOMEN,Loreena McKennitt,Live in Paris,,
0,0,CC,1,JAZZ1,Louis Armstrong,Best of the Hot5 + Hot7,,
0,0,MC,1,JAZZ1,Louis Armstrong,Essential,,
0,309,LP,1,BLUES,Louisiana Red,Sings the Blues,,
0,0,M3,1,BLUES,Luther Dickinson,Blues+Ballads,,
0,0,MC,1,JAZZ1,MJQ,Carnegie Hall,,
0,0,MC,4,JAZZ1,MJQ,Fortieth Anniversary,,
0,0,MC,1,JAZZ1,MJQ,MJQ+Friends,,
0,0,MC,1,JAZZ1,MJQ,MJQ+Monk,,
0,0,MC,1,JAZZ1,MJQ,MJQ+Paul Desmond,,
0,0,MC,1,FOLK1,Mac Wiseman,Story,,
0,0,CD,1,WOMEN,Madonna,Erotic,,
0,0,M3,1,WOMEN,Madonna,Immaculate Collection,,
0,0,M3,1,HARPS,Maggie Sansone,Traditions,,
0,0,MC,1,JAZZ1,Mal Waldron,Impressions,,
0,0,MC,1,JAZZ1,Mal Waldron,Mal 4,,
0,0,M3,1,HARPS,Malcolm Dalglish,Jogging The Memory,,
0,0,M3,1,JAZZ3,Manhattan Transfer,Fifty,,
0,0,MC,1,JAZZ3,Manhattan Transfer,Offbeat of Avenues,,
0,0,MP,1,JAZZ3,Manhattan Transfer,Spirit of St Louis,,
0,0,MP,1,JAZZ3,Manhattan Transfer,Swing,,
0,0,MP,1,JAZZ3,Manhattan Transfer,Symphony Sessions,,
0,0,MP,1,JAZZ3,Manhattan Transfer,The Manhattan Transfer,,
0,0,MC,1,JAZZ3,Marcus Roberts,Collected,,
0,0,MC,1,JAZZ3,Marcus Roberts,Deep In the Shed,,
0,0,MC,1,JAZZ3,Marcus Roberts,If I Could Be With You,,
0,0,MC,1,JAZZ3,Marcus Roberts,Joy of Joplin,,
0,0,MC,1,JAZZ3,Marcus Roberts,Portraits in Blue,,
0,0,CC,1,JAZZ2,Marian McPartland,Live at Shanghai Jazz,DUP,
0,0,CC,1,JAZZ2,Marian McPartland,Piano Jazz,,
0,0,MC,1,HARPS,Marisa Robles,Harp Favorites,,
0,0,MC,1,ROCK2,Mark Knopfler,All the Roadrunning,+Emmylou Harris,
0,515,LP,1,ROCK2,Mark Knopfler,Cal,,
0,0,MC,1,ROCK2,Mark Knopfler,Kill to Get Crimson,,
0,516,LP,1,ROCK2,Mark Knopfler,Local Hero,,
0,0,M3,1,ROCK2,Mark Knopfler,One Deep River,,
0,0,MC,1,ROCK2,Mark Knopfler,Ragpickers Dream,,
0,0,MC,1,ROCK2,Mark Knopfler,Sailing to Philadelphia,,
0,0,M3,1,ROCK2,Mark Knopfler,Tracker,,
0,0,CC,1,FOLK3,Mark OConnor,Appalachia Waltz,,
0,0,CC,1,FOLK3,Mark OConnor,Heroes,,
0,0,CC,1,FOLK3,Mark OConnor,Live in New York,,
0,0,CC,1,FOLK3,Mark OConnor,New Nashville Cats,,
0,0,MC,1,FOLK3,Mark Whitfield,Seventh Avenue Stroll,,
0,421,XX,1,ROCK1,Marshall Tucker,Greatest Hits,,
0,0,M3,1,XMASS,Martin Stadtfeld,A Christmas Piano,,
0,0,M3,1,WOMEN,Mary Chapin Carpenter,Dirt and Stars,,
0,0,CD,1,WOMEN,Mary Chapin Carpenter,Party Doll,,
0,0,M3,1,CLASS,Matthew Owens,Organ from Belfast Cathedral,,
0,0,M3,1,CLASS,Max Richter,Four Seasons Recomposed,,
0,0,M3,1,CLASS,Max Richter,From Sleep,,
0,0,MC,1,JAZZ4,McCoy Tyner,Double Trios,,
0,0,MC,1,JAZZ4,McCoy Tyner,Land of Giants,,
0,0,MC,1,JAZZ4,McCoy Tyner,Musicians Exchange Cafe,,
0,0,MC,1,JAZZ4,McCoy Tyner,New York Reunion,,
0,0,MC,1,JAZZ4,McCoy Tyner,Plays John Coltrane,,
0,0,MC,1,JAZZ4,McCoy Tyner,Revelations,,
0,0,MC,1,JAZZ4,McCoy Tyner,Sahara,,
0,0,MC,1,JAZZ4,McCoy Tyner,Trident,,
0,0,MC,1,JAZZ4,McCoy Tyner,Warsaw Jazz Jamboree,+Stephane Grapelli,
1024,0,MD,1,JAZZ4,McCoy Tyner,Jazz Roots,,
20000,0,MD,1,JAZZ4,McCoy Tyner,The Definitive,,
80923,0,DV,1,JAZZ4,McCoy Tyner,Guitars,DVD,
80923,0,MD,1,JAZZ4,McCoy Tyner,Guitars,CD,
0,284,SL,2,BLUES,Memphis Slim,Bad Luck and Troubles,,
0,323,SL,1,BLUES,Memphis Slim,Blue Memphis,,
0,286,SL,1,BLUES,Memphis Slim,South Side Reunion,,
0,0,MC,1,BLUES,Memphis Slim,USA,,
0,0,MC,1,CLASS,Mendelssohn,Piano Trios 49 and 66,,
0,0,CD,1,DEAD1,Merl Saunders,Blues from the Rainforest,,
910000,0,MD,2,DEAD1,Merl Saunders,Save the Planet,,
0,426,LP,1,FOLK1,Merle Travis,+Joe Maphis,,
0,428,LP,1,FOLK1,Merle Travis,Best Of,,
0,425,LP,1,FOLK1,Merle Travis,Guitar,,
0,429,LP,1,FOLK1,Merle Travis,Guitar Player,,
0,430,LP,2,FOLK1,Merle Travis,Merle Travis Story,,
0,0,MC,1,FOLK1,Merle Travis,Sixteen Tons,,
0,0,MC,1,JAZZ3,Michael Hedges,Aerial Boundaries,,
0,0,MC,1,JAZZ3,Michael Hedges,Beyond Boundaries,,
0,0,MC,1,JAZZ3,Michael Hedges,Breakfast in the Field,,
0,0,CC,1,JAZZ3,Michael Hedges,Gold and Platinum,,
0,0,CC,1,JAZZ3,Michael Hedges,Oracle,,
0,0,CC,1,JAZZ3,Michael Hedges,Taproot,,
0,0,CD,1,ROCK1,Michael Jackson,Essential,,
0,482,MC,1,ROCK1,Michael Jackson,Thriller,,
0,0,MC,1,FOLK1,Michael Martin Murphey,Buckaroo Blue Grass II,,
0,0,MC,1,JAZZ1,Michel Petrucciani,Best Of,,
0,0,CC,1,JAZZ1,Michel Petrucciani,Rememberance,,
0,419,KP,1,ROCK1,Mick Taylor,Mick Taylor,,
0,0,CD,1,ROCK1,Mickey Hart,Mystery Box,,
0,211,NX,1,ROCK1,Mickey Hart,Rolling Thunder,,
0,0,MC,1,JAZZ2,Microscopic Septet,Seven Men in Neckties,,
0,378,LP,1,FOLK1,Mike Auldridge,Blues and Blue Grass,,
0,496,LP,1,FOLK1,Mike Auldridge,Eight String Swing,,
0,0,MC,1,FOLK1,Mike Cleveland,Flame Keeper,,
0,0,MC,1,FOLK1,Mike Cleveland,Live at the Ragged Edge,,
0,0,M3,1,XMASS,Mike Pachelli,A Jazzy Guitar Christmas,,
0,0,M3,1,FOLK1,Mike Seeger,Southern Banjo Sounds,,
60000,0,CD,1,JAZZ1,Mike Westbrook,Off Abbey Road,,
0,0,MC,1,JAZZ4,Miles Davis,Blue Haze,,
0,0,MP,1,JAZZ4,Miles Davis,Collection,,
0,0,MC,1,JAZZ4,Miles Davis,Cooking with the Quintet,,
0,0,MC,1,JAZZ4,Miles Davis,Cool and Collected,,
0,0,M3,1,JAZZ4,Miles Davis,Final Tour,+John Coltrane,
0,0,MC,1,JAZZ4,Miles Davis,In A Silent Way,,
0,0,MC,2,JAZZ4,Miles Davis,Kind of Blue,Legacy Edition,
0,0,MP,1,JAZZ4,Miles Davis,Miles Ahead,,
0,0,MC,1,JAZZ4,Miles Davis,Sketches of Spain,,
0,0,CD,1,JAZZ4,Miles Davis,Super Hits,,
590000,0,MD,1,JAZZ4,Miles Davis,Kind of Blue,,
670000,0,MC,1,JAZZ4,Miles Davis,Live in Europe 1967,,
0,259,LP,2,BLUES,Mississippi John Hurt,Best Of,,
0,0,CC,1,JAZZ1,Modern Jazz Quartet,Blues at Carnegie Hall,,
0,0,CC,4,JAZZ1,Modern Jazz Quartet,Forty,,
0,0,CC,1,JAZZ1,Modern Jazz Quartet,Friends,,
0,0,CC,1,JAZZ1,Modern Jazz Quartet,With Monk,,
0,0,CC,1,JAZZ1,Modern Jazz Quartet,With Paul Desmond,,
0,0,MC,1,DEAD1,Moe,The Conch,,
0,0,M3,1,FOLK1,Molly Tuttle,City of Gold,,
0,0,MP,1,ROCK1,Monkees,Stranger Things Have Happened,Err:509,
660068,0,MD,1,ROCK1,Monkees,Birds+Bees+Monkees,,
660068,0,MD,1,ROCK1,Monkees,Headquarters,,
660068,0,MD,1,ROCK1,Monkees,More-of-the-Monkees,,
660068,0,MD,1,ROCK1,Monkees,Pisces Aquarius Capricorn Jones,,
660068,0,MD,1,ROCK1,Monkees,The-Monkees,,
0,0,MC,1,JAZZ2,Monty Alexander,Steaming Hot,,
0,0,MC,1,JAZZ2,Monty Alexander,To the Ends of the Earth,,
671100,43,KP,1,PROGS,Moody Blues,Days of Future Passed,,
680726,41,KP,1,PROGS,Moody Blues,Lost Chord,,
690425,40,KP,1,PROGS,Moody Blues,Threshold of a Dream,,
690425,40,MD,1,PROGS,Moody Blues,Threshold of a Dream,,
691121,42,KP,1,PROGS,Moody Blues,Childrens Children,,
700807,55,KP,1,PROGS,Moody Blues,Question of Balance,,
710723,116,KP,1,PROGS,Moody Blues,EGBDF,,
710723,116,KP,1,PROGS,Moody Blues,EGBDF,,
721023,116,KP,1,PROGS,Moody Blues,Seventh Sojourn,,
721023,116,KP,1,PROGS,Moody Blues,Seventh Sojourn,,
0,0,MC,1,JAZZ1,Mose Allison,Live in London,,
0,0,MC,1,JAZZ1,Mose Allison,Live in London,,
0,456,LP,2,JAZZ1,Mose Allison,Mose Allison,,
0,146,XX,1,ROCK1,Mountain,Climbing,,
0,0,M3,1,CLASS,Mozart,For Meditation,,
0,0,MC,1,BLUES,Muddy Waters,Blues Sky,,
0,306,LP,2,BLUES,Muddy Waters,Fathers and Sons,,
0,0,MC,1,BLUES,Muddy Waters,Icon,,
0,0,MC,1,BLUES,Muddy Waters,Mojo,RERECORD,
710899,354,XX,1,DEAD1,NRPS,New Riders of the Purple Sage,,
680000,39,KP,1,ROCK1,NYRRE,NY Rock and Roll Ensemble,,
690000,17,KP,1,ROCK1,NYRRE,Faithful Friends,,
700000,62,KP,1,ROCK1,NYRRE,Reflections,,
710000,61,KP,1,ROCK1,NYRRE,Roll Over,,
0,0,MC,1,FOLK1,Nashville Bluegrass Band,American Beauty,,
0,0,MC,1,FOLK1,Nashville Bluegrass Band,Unleashed,,
0,0,MC,1,FOLK1,Nashville Bluegrass Band,Waiting for Hard Times to Go,,
0,133,XX,2,ROCK2,Neil Young,Bootleg,David Ferg,
0,0,MC,1,ROCK2,Neil Young,Living with War,,
0,0,MP,1,ROCK2,Neil Young,Songs for Judy,,
680000,0,M3,1,ROCK2,Neil Young,Canterbury House 1968,,
690000,59,M3,1,ROCK2,Neil Young,Everybody Knows This Is Nowhere,,
690000,58,XX,1,ROCK2,Neil Young,Neil Young,,
700000,60,MP,1,ROCK2,Neil Young,After the Goldrush,,
700000,0,M3,2,ROCK2,Neil Young,Carnegie Hall 1970,,
720000,107,MP,1,ROCK2,Neil Young,Harvest,,
760000,0,M3,1,ROCK2,Neil Young,Hitchhiker,,
0,0,MP,1,GYPSY,New Orleans Klezmer Allstars,Big Kibosh,,
0,0,MC,1,CLASS,Newman+Oltman,Laments and Dances,,
0,0,M3,1,FOLK1,Nickel Creek,Nickel Creek,,
0,0,M3,1,FOLK1,Nickel Creek,Why Should The Fire Die,,
0,0,CC,1,ROCK1,No Doubt,Icon,,
0,0,CC,1,ROCK1,Norah Jones,Come Away With Me,,
0,0,MC,2,FOLK3,Norman Blake,Blake and Rice,V1+V2,
0,0,MC,1,FOLK3,Norman Blake,Hobos Last Ride,,
0,0,MC,1,FOLK3,Norman Blake,Shacktown Road,,
0,0,MC,1,FOLK3,Norman Blake,Slow Train thru Georgia,,
0,0,MC,1,ROCK1,Old 97s,Grand Theatre,,
0,0,MC,1,FOLK2,Osborne Brothers,Essential Bluegrass,+Mac Wiseman,
0,0,MC,1,FOLK2,Osborne Brothers,Once More,,
0,0,MC,1,JAZZ4,Oscar Peterson,A Tribute To,,
0,0,MC,1,JAZZ4,Oscar Peterson,Carnegie Hall Concerts,,
0,0,MC,1,JAZZ4,Oscar Peterson,Encore at the Blue Note,,
0,0,MC,1,JAZZ4,Oscar Peterson,Live at the Blue Note,,
0,0,MC,1,JAZZ4,Oscar Peterson,Perfect Peterson,,
0,0,MC,1,JAZZ4,Oscar Peterson,Plays Count Basie,,
0,0,MC,1,JAZZ4,Oscar Peterson,Porgy + Bess,,
0,0,MC,1,JAZZ4,Oscar Peterson,Side By Side,+Isaac Perlman,
0,0,MC,1,JAZZ4,Oscar Peterson,Solo,,
0,0,CC,1,JAZZ4,Oscar Peterson,Three Originals,,
0,0,MC,1,JAZZ4,Oscar Peterson,Very Tall,+Milt Jackson,
0,0,MD,1,XMASS,Oscar Peterson,Christmas,,
0,0,CC,1,JAZZ4,Oscar Peterson,We Get Requests + Night Train,,
0,0,MC,1,BLUES,Otis Rush,Aint Enough Coming In,,
0,154,LP,1,BLUES,Otis Spann,Biggest Thing Since Colossus,,
0,257,LP,1,BLUES,Otis Spann,Otis Spann,,
0,0,MC,1,JAZZ4,Pat Metheny,Day Trip,,
0,0,M3,1,JAZZ4,Pat Metheny,From This Place,,
0,0,MC,1,JAZZ4,Pat Metheny,Kin,Unity Group,
0,0,MC,1,JAZZ4,Pat Metheny,Mehldau Quartet,,
0,0,MC,1,JAZZ4,Pat Metheny,Old Orchestrion,,
0,0,MC,2,JAZZ4,Pat Metheny,Orchestrion Project,,
0,0,MC,1,JAZZ4,Pat Metheny,Pat Metheny Group,,
0,0,MC,2,JAZZ4,Pat Metheny,Trio Live,,
0,0,MC,1,JAZZ4,Pat Metheny,What Its All About,,
0,0,MC,1,JAZZ4,Pat Metheny,Wichita Falls,,
0,0,MC,1,JAZZ4,Pat Metheny,With Mehldau,,
0,0,MC,1,HARPS,Patrick Ball,Celtic Harp of Turlough OCarolan,,
0,0,MC,1,HARPS,Patrick Ball,Fiona,,
0,0,MC,1,HARPS,Patrick Ball,From a Distant Time,,
0,0,MC,1,PROGS,Patrick Kelly,Zen Garden,,
0,0,CD,1,ROCK1,Patrick Maggi,The Laughing Game,LOCAL,
0,0,MC,1,FOLK1,Patsy Cline,Definitive Collection,,
0,0,CC,1,JAZZ1,Paul Bley,Bebob Bebop,,
0,0,M3,1,BLUES,Paul Butterfield,Butterfield Blues Band,,
0,0,CC,1,BLUES,Paul Butterfield,With Mike Bloomfield,,
0,0,MC,1,BEATL,Paul McCartney,Amoeba Gig,,
0,0,MP,2,BEATL,Paul McCartney,Back in the US Live,,
0,0,MC,1,PROGS,Paul Winter,Prayer for the Wild Things,,
0,0,CD,1,ROCK1,Paula Cole,This Fire,,
0,0,M3,2,FOLK1,Paxton+Fink+Marxer,All New,,
0,486,SL,1,FOLK1,Pentangle,Cruel Sister,,
0,487,SL,1,FOLK1,Pentangle,History Book,,
0,485,SL,1,FOLK1,Pentangle,Pentangle,,
0,0,M3,2,ROCK2,Peter Frampton,Frampton Comes Alive,,
0,0,M3,1,ROCK2,Peter Frampton,Frampton Forgets the Words,,
0,0,MC,1,ROCK2,Peter Frampton,Hummingbird in a Box,,
0,0,MC,1,ROCK2,Peter Frampton,Icon,,
0,447,SL,1,BLUES,Peter Green,In The Skies,,
0,481,XX,1,BLUES,Peter Green,Little Dreamer,,
0,0,MC,1,PROGS,Peter Kater,Air,,
0,0,MC,1,PROGS,Peter Kater,Earth,,
0,0,MC,1,PROGS,Peter Kater,Fire,,
0,0,MC,1,PROGS,Peter Kater,Water,,
0,0,MC,2,FOLK1,Peter Paul and Mary,Around the Campfire,,
0,0,MC,1,DEAD1,Peter Rowan,Bluegrass Boy,,
0,0,MC,1,DEAD1,Peter Rowan,Legacy,,
0,432,LP,1,DEAD1,Peter Rowan,Muleskinner,,
0,0,MC,1,DEAD1,Peter Rowan,New Moon Rising,,
750299,303,MP,1,DEAD1,Peter Rowan,Breakdown,,
750299,303,KP,1,DEAD1,Peter Rowan,Old and In The Way,,
750299,303,M3,1,DEAD1,Peter Rowan,Old and In The Way,,
0,0,CC,1,FOLK1,Phantom Planet,The Guest,NOT RIPed,
0,0,MC,1,FOLK1,Phil Leadbetter,Next Move,,
0,0,MC,2,DEAD1,Phil Lesh,Boston-100600,,
0,0,MC,1,DEAD1,Phil Lesh,Maritime Hall-021801,,
0,344,LP,1,DEAD1,Phil Lesh,Seastones,,
0,0,M3,1,XMASS,Phillip Keveren,Classical Christmas,,
0,0,MP,1,DEAD1,Phish,Billy Breathes,,
0,0,MP,1,DEAD1,Phish,Hoist,,
0,0,MP,2,DEAD1,Phish,Junta,,
0,0,MP,1,DEAD1,Phish,Rift,,
0,0,MD,1,FOLK3,Picking On,The Dead V2,,
10000,0,CD,1,FOLK3,Picking On,Eight Miles High,,
10000,0,CD,1,FOLK3,Picking On,Tangled Up in Bluegrass,,
50000,0,MD,1,FOLK3,Picking On,Paint It Blue,Honeywagon,
940000,0,CD,1,FOLK3,Picking On,The Eagles,,
940003,0,MD,1,FOLK3,Picking On,The Dead V1,,
60000,0,CD,1,FOLK3,Picking on the Beatles,,,
0,0,MC,1,BLUES,Pinetop Perkins,And Friends,,
0,0,MC,1,BLUES,Pinetop Perkins,Born in the Delta,,
0,0,MC,1,BLUES,Pinetop Perkins,How Long,DUP,
0,335,LP,2,PROGS,Pink Floyd,A Nice Pair,,
0,0,M3,1,PROGS,Pink Floyd,Animals Reimagined,#NAME?,
0,0,MC,2,PROGS,Pink Floyd,Delicate Sound of Thunder,,
0,0,MC,1,PROGS,Pink Floyd,Dub Side of the Moon,,
0,0,MC,2,PROGS,Pink Floyd,Echoes,Collection,
0,0,DV,1,PROGS,Pink Floyd,Endless River,,
0,0,MD,1,PROGS,Pink Floyd,Endless River,,
690000,348,MD,2,PROGS,Pink Floyd,Umma Gumma,,
710000,334,MD,1,PROGS,Pink Floyd,Meddle,,
720000,358,MD,1,PROGS,Pink Floyd,Obscured By Clouds,,
730000,391,MD,1,PROGS,Pink Floyd,Dark Side of the Moon,,
750000,347,MD,1,PROGS,Pink Floyd,Wish You Were Here,,
770000,380,MD,1,PROGS,Pink Floyd,Animals,,
790000,476,M3,2,PROGS,Pink Floyd,The Wall,,
940328,0,MD,1,PROGS,Pink Floyd,Division Bell,,
0,0,MD,1,ROCK1,Police,Synchronicity,,
0,0,M3,1,ROCK1,Primus,Conspiranoid,,
30000,0,MD,1,ROCK1,Primus,Animals Should Not Try To Act,,
0,0,MP,1,JAZZ1,Puppini Sisters,Betcha Bottom Dollar,,
0,0,MP,1,JAZZ1,Puppini Sisters,Betcha Bottom Dollar,,
0,0,MP,1,JAZZ1,Puppini Sisters,Rise+Fall of Ruby Woo,,
0,0,MP,1,JAZZ1,Puppini Sisters,Rise+Fall of Ruby Woo,,
0,0,CD,1,ROCK1,Queen,Greatest Hits,,
0,0,MD,3,ROCK1,Queen,Greatest Hits I II III,,
0,281,XX,1,ROCK1,Quicksilver,Happy Trails,,
0,316,XX,1,ROCK1,Quicksilver,Quicksilver,,
0,0,MC,1,CLASS,Rachmaninov,Yuja Wang plays Paganini,,
0,0,MC,1,FOLK2,Ralph Stanley,A Mothers Prayer,,
0,0,MC,2,FOLK2,Ralph Stanley,Clinch Mountain Country,,
0,0,MC,1,FOLK2,Ralph Stanley,Complete Columbia Recordings,,
0,483,LP,2,FOLK2,Ralph Stanley,Live at McClure VA,,
0,0,MC,1,FOLK2,Ralph Stanley,Songs of the Carter Family,,
0,0,CC,1,JAZZ1,Ralph Towner,Anthem,,
0,0,CC,1,JAZZ1,Ralph Towner,Solstice,,
0,0,MC,1,JAZZ1,Ramsey Lewis,Time Flies,,
0,0,MC,1,INDIA,Ravi Shankar,Bridges,,
0,0,CC,4,INDIA,Ravi Shankar,In Celebration,,
0,0,MC,1,PROGS,Ray Lynch,Deep Breakfast,,
0,0,MC,1,PROGS,Ray Lynch,Nothing Above My Shoulders,,
0,0,MC,1,ROCK1,Ray Manzarek,Translucent Blues,,
0,0,MC,1,FOLK2,Red Allen,Lonesome and Blue,,
640083,0,MC,1,FOLK2,Red Allen,The Folksway Years,+Frank Wakefield,
0,0,MC,1,JAZZ1,Red Garland,Red Garland,,
0,0,MC,1,JAZZ1,Red Garland,Soul Junction,,
0,423,KP,2,ROCK1,Renaissance,Live at Carnegie Hall,,
20000,0,MD,1,FOLK1,Rex McGee,24 Creations Solo Banjo,LOCAL,
0,433,LP,1,FOLK1,Richard Greene,Rambling,,
0,0,M3,1,FOLK3,Ricky Skaggs,A Skaggs Family Christmas,+DVD,
0,0,MC,1,FOLK3,Ricky Skaggs,Ancient Tones,,
0,0,MC,1,FOLK3,Ricky Skaggs,Bluegrass Rules,,
0,0,MC,1,FOLK3,Ricky Skaggs,Brand New Strings,,
0,0,MC,1,FOLK3,Ricky Skaggs,History of the Future,,
0,0,MC,1,FOLK3,Ricky Skaggs,Honoring Fathers of Bluegrass,,
0,0,MC,1,FOLK3,Ricky Skaggs,Instrumentals,,
0,0,MC,1,FOLK3,Ricky Skaggs,With Bruce Hornsby,,
0,467,VL,1,ROCK1,Robbie Krieger,Butts Band,,
0,499,LP,1,FOLK1,Robert Byrd,US Senator Robert Byrd,,
0,0,MC,1,BLUES,Robert Cray,Live at the BBC,,
0,0,MC,1,BLUES,Robert Cray,Shoulda Been Home,,
0,0,MC,1,FOLK1,Robert Earl Keen,Happy Prisoner,,
740000,360,LP,1,DEAD1,Robert Hunter,Rum Runners,,
800000,453,KP,1,DEAD1,Robert Hunter,Jack of Roses,,
800000,453,MC,1,DEAD1,Robert Hunter,Jack of Roses,,
0,0,MC,1,IRISH,Robin Bullock,Between Earth and Sky,,
0,0,MC,1,BLUES,Robin Trower,Roots and Branches,,
0,85,XX,1,ROCK1,Rod Stewart,Every Picture,,
0,93,XX,1,ROCK1,Rod Stewart,Faces Long Player,,
0,128,XX,1,ROCK1,Rod Stewart,First Steps,,
0,92,XX,1,ROCK1,Rod Stewart,Gasoline Alley,,
0,144,XX,1,ROCK1,Rod Stewart,Never a Dull Moment,,
0,143,XX,1,ROCK1,Rod Stewart,Nod as Good as Wink,,
0,86,XX,1,ROCK1,Rod Stewart,Rod Stewart,,
0,0,MC,2,JAZZ2,Roger Kellaway,Live at Jazz Standard,,
960000,0,CD,1,ROCK1,Roger McGuinn,Live From Mars,,
0,0,MC,2,PROGS,Roger Waters,In the Flesh,,
0,0,M3,2,ROCK4,Rolling Stones,GRRR Live,,
0,98,XX,1,ROCK4,Rolling Stones,Jamming With Edward,,
0,0,MP,1,ROCK4,Rolling Stones,Rarities,,
0,0,M3,1,ROCK4,Rolling Stones,Stoned Cold Country,Tribute,
180713,0,CD,1,ROCK4,Rolling Stones,No Security,BAD,
640071,0,M3,1,ROCK4,Rolling Stones,Best-Of-1964-1971,,
640417,135,XX,1,ROCK4,Rolling Stones,The Rolling Stones,,
641017,136,MP,1,ROCK4,Rolling Stones,12x5,,
650300,137,CC,1,ROCK4,Rolling Stones,Now,+Beggars Banquet,
650300,137,M3,1,ROCK4,Rolling Stones,Now,,
650730,138,XX,1,ROCK4,Rolling Stones,Out of Our Heads,,
651203,139,XX,1,ROCK4,Rolling Stones,Decembers Children,,
660328,25,XX,1,ROCK4,Rolling Stones,High Tide and Green Grass,,
660701,18,MC,1,ROCK4,Rolling Stones,Aftermath,,
661128,141,XX,1,ROCK4,Rolling Stones,Got Live If You Want It,,
670120,140,MC,1,ROCK4,Rolling Stones,Between the Buttons,+Feats,
670626,20,XX,1,ROCK4,Rolling Stones,Flowers,collection,
671208,19,MC,1,ROCK4,Rolling Stones,Satanic Majesty,,
681206,56,MC,1,ROCK4,Rolling Stones,Beggars Banquet,+Now,
690912,9,XX,1,ROCK4,Rolling Stones,Thru the Past Darkly,,
691128,24,CC,1,ROCK4,Rolling Stones,Let it Bleed,+Give It Up,
691128,24,M3,1,ROCK4,Rolling Stones,Let it Bleed,,
700000,97,XX,1,ROCK4,Rolling Stones,Liver Than Youll Ever Be,,
700904,70,XX,1,ROCK4,Rolling Stones,Get Your Ya Yas Out,,
710093,0,M3,1,ROCK4,Rolling Stones,Best-Of-1971-1993,,
710423,71,CC,1,ROCK4,Rolling Stones,Sticky Fingers,+Some Girls,
710423,71,M3,1,ROCK4,Rolling Stones,Sticky Fingers,,
710423,71,M3,1,ROCK4,Rolling Stones,Sticky Fingers Bonus,,
711220,0,MC,1,ROCK4,Rolling Stones,Hot Rocks,,
720526,126,MC,1,ROCK4,Rolling Stones,Exile on Main Street,,
721211,164,XX,2,ROCK4,Rolling Stones,More Hot Rocks,,
730831,216,XX,1,ROCK4,Rolling Stones,Goats Head Soup,,
741018,291,M3,1,ROCK4,Rolling Stones,Its Only Rock and Roll,,
750606,518,XX,1,ROCK4,Rolling Stones,Metamorphosis,BAD,
780609,517,CC,1,ROCK4,Rolling Stones,Some Girls,+ Sticky Fingers,
780609,517,M3,1,ROCK4,Rolling Stones,Some Girls,,
780609,517,M3,1,ROCK4,Rolling Stones,Some Girls Bonus,,
0,0,M3,1,BLUES,Ronnie Earl,Maxwell Street,,
0,0,MC,1,BLUES,Roomful of Blues,Standing Room Only,,
0,0,MC,1,BLUES,Roomful of Blues,Under One Roof,,
0,0,M3,1,FOLK3,Rounder,Rounder Records 40th,,
0,0,MP,4,FOLK3,Rounder,The Rounder Records Story,,
710000,117,MD,1,ROCK1,Roy Buchanan,Snake Stretchers,,
720899,176,XX,1,ROCK1,Roy Buchanan,Roy Buchanan,,
0,420,LP,1,ROCK1,Ruppert Chapelle,Ozone Music,LOCAL,
0,0,MC,1,BEATL,Rutles,Anthology,,
0,0,MC,1,BEATL,Rutles,The Rutles,,
0,0,MC,1,BLUES,Ry Cooder,Election Special,,
0,145,VL,1,ROCK1,Ry Cooder,Into the Purple Valley,,
0,0,CD,1,BLUES,SRV,Greatest Hits,,
0,0,MD,1,WOMEN,Sade,Best Of,Duplicate,
0,0,MP,1,WOMEN,Sade,Soldier of Love,,
0,389,LP,1,FOLK1,Sam Bush,Blake Taylor Bush Vassar,,
0,0,MP,1,ROCK2,Santana,Best Of,,
0,0,MP,1,ROCK2,Santana,Food_for_Thought,Tribute,
0,329,NX,1,ROCK2,Santana,Love Devotion Surrender,,
0,0,M3,2,ROCK2,Santana,Santana III,,
0,0,MP,1,ROCK2,Santana,Supernatural,+Clive Davis,
690000,374,M3,1,ROCK2,Santana,Santana,,
690000,374,NX,1,ROCK2,Santana,Santana,,
700000,330,M3,1,ROCK2,Santana,Abraxas,,
700000,330,NX,1,ROCK2,Santana,Abraxas,,
720000,350,NX,1,ROCK2,Santana,Caravanserai,,
730000,331,NX,1,ROCK2,Santana,Welcome,,
740000,300,NX,1,ROCK2,Santana,Borboletta,,
0,0,MC,1,HARPS,Sara Ericsson,20th Century Harp Sonatas,,
0,0,MC,1,FOLK2,Sarah Jarosz,Follow Me Down,,
0,0,M3,1,FOLK2,Sarah Jarosz,Polaroid Lovers,,
0,0,MC,1,FOLK2,Sarah Jarosz,Song Up In Her Head,,
0,0,MP,1,WOMEN,Sarah McLachlan,Freedom Sessions,,
31104,0,MD,1,WOMEN,Sarah McLachlan,Afterglow,,
61017,0,MD,1,WOMEN,Sarah McLachlan,Wintersong,,
100615,0,MD,1,WOMEN,Sarah McLachlan,Laws of Illusion,,
140506,0,CD,1,WOMEN,Sarah McLachlan,Shine On,,
881011,0,MD,1,WOMEN,Sarah McLachlan,Touch,,
910629,0,MD,1,WOMEN,Sarah McLachlan,Solace,,
930000,0,MD,1,WOMEN,Sarah McLachlan,Good Enough,EP,
930000,0,MD,1,WOMEN,Sarah McLachlan,Posession,EP,
931022,0,MD,1,WOMEN,Sarah McLachlan,Fumbling Towards Ecstasy,,
960617,0,MD,1,WOMEN,Sarah McLachlan,Rarities,,
970715,0,MD,1,WOMEN,Sarah McLachlan,Surfacing,,
990615,0,CD,1,WOMEN,Sarah McLachlan,Mirrorball,OUTDATED,
990615,0,MD,2,WOMEN,Sarah McLachlan,Mirrorball Complete,,
0,0,M3,1,FOLK1,Sarah Siskind,Modern Appalachia,,
0,0,MD,1,HARPS,Savourna Stevenson,Celtic Harp,,
0,0,MC,1,CLASS,Schubert,Symphony #6,,
0,0,M3,1,XMASS,Scott Miller,Mountain Frontier Christmas,,
0,0,MC,1,BEATL,Sean Lennon,Friendly Fire,,
700000,506,LP,1,ROCK1,Seatrain,Seatrain,,
710000,507,LP,1,ROCK1,Seatrain,Marblehead Messenger,,
969999,0,CD,1,DEAD1,Second Sight,Second Sight,,
0,359,LP,1,ROCK1,Section,The Section,,
0,0,M3,1,FOLK3,Seldom Scene,Best Of,,
0,0,MP,1,FOLK3,Seldom Scene,Like We Used to Be,,
0,0,M3,1,FOLK3,Seldom Scene,SCENEchronized,,
729999,491,LP,1,FOLK3,Seldom Scene,Act 1,,
739999,492,LP,1,FOLK3,Seldom Scene,Act 2,,
749999,493,LP,1,FOLK3,Seldom Scene,Act 3,,
749999,388,LP,1,FOLK3,Seldom Scene,Old Train,,
759999,363,LP,2,FOLK3,Seldom Scene,Live at the Cellar Door,,
759999,363,MD,1,FOLK3,Seldom Scene,Live at the Cellar Door,,
799999,494,LP,1,FOLK3,Seldom Scene,Act 4,,
819999,495,LP,1,FOLK3,Seldom Scene,After Midnight,,
839999,511,LP,1,FOLK3,Seldom Scene,At the Scene,,
0,0,CC,2,JAZZ1,Seven Men,Microscopic Septet,,
0,0,M3,1,WOMEN,Shawn Colvin,A Whole New You,,
0,0,M3,1,WOMEN,Shawn Colvin,Live,,
961001,0,MD,1,WOMEN,Shawn Colvin,A Few Small Repairs,,
0,0,MC,2,CLASS,Shostakovich,Keith Jarrett plays Opus 87,,
700000,320,LP,1,BLUES,Shuggie Otis,Here Comes,,
710000,422,LP,1,BLUES,Shuggie Otis,Freedom Flight,,
0,0,MC,1,JAZZ1,Sidney Bechet,Ken Burns Jazz,,
0,0,MC,1,JAZZ1,Sidney Bechet,The Legendary,,
0,0,MD,1,FOLK2,Simon and Garfunkel,Bookends,,
0,0,MD,1,FOLK2,Simon and Garfunkel,Bridge-Over-Troubled-Waters,,
0,0,MD,1,FOLK2,Simon and Garfunkel,Parsley Sage Rosemary+Thyme,,
0,0,MD,1,FOLK2,Simon and Garfunkel,Sound-of-Silence,,
0,0,MD,1,FOLK2,Simon and Garfunkel,Wednesday-Morning-3AM,,
0,319,LP,1,BLUES,Slim Green,Stone Down Blues Guitar,,
690000,15,XX,1,ROCK1,Sly Stone,Stand,,
0,339,LP,1,BLUES,Sonny Boy Williamson,Sonny Boy Williamson,,
0,0,M3,1,BLUES,Sonny Landreth,Blacktop Run,,
0,0,M3,1,BLUES,Sonny Landreth,Elemental Journey,,
0,0,M3,2,BLUES,Sonny Landreth,Live in Lafayette,,
0,0,M3,2,ROCK1,Soundtrack,Monterey Pop Festival,,
0,142,NX,1,ROCK1,Soundtrack,Performance,,
0,0,CC,1,MISCS,Soundtrack,True Blood,,
130000,0,CD,2,MISCS,Soundtrack,Hobbit Desolation of Smaug,,
690800,48,XX,3,ROCK1,Soundtrack,Woodstock,,
730000,472,XX,1,ROCK1,Springsteen,Asbury Park,,
730000,473,XX,1,ROCK1,Springsteen,E St Shuffle,,
750000,474,MC,1,ROCK1,Springsteen,Born to Run,,
780000,475,XX,1,ROCK1,Springsteen,Darkness on the Edge of Town,,
0,0,MP,1,JAZZ1,Squirrel Nut Zippers,HOT,,
0,0,MC,1,JAZZ1,Squirrel Nut Zippers,Perennial Favorites,,
0,0,MC,1,JAZZ2,Stanley Clarke,Jazz in the Garden,+Hiromi,
0,0,MC,1,JAZZ2,Stanley Clarke,S.M.V.,+Marcus Miller,+Victor Wooten
0,0,M3,1,JAZZ2,Stanley Clarke,UP,,
0,0,MC,1,JAZZ2,Stanley Clarke,With Hiromi,,
0,0,CC,1,JAZZ2,Stanley Jordan,Friends,,
0,0,CC,1,JAZZ2,Stanley Jordan,Magic Touch,,
950000,0,MD,1,JAZZ2,Stanley Jordan,Best Of,,
0,0,MC,1,FOLK1,Steeldrivers,The Steeldrivers,,
0,0,M3,1,ROCK3,Steely Dan,Cant Buy a Thrill,,
0,0,MC,1,ROCK3,Steely Dan,Everything Must Go,,
0,0,M3,2,ROCK3,Steely Dan,Very Best Of,,
229,0,MD,1,ROCK3,Steely Dan,Two Against Nature,,
0,0,MC,1,ROCK1,Stephen Stills,Manassas Pieces,Compilation,
0,0,CC,1,ROCK1,Stephen Stills,Pieces,,
700000,66,VL,1,ROCK1,Stephen Stills,Steve Stills,,
710000,113,VL,1,ROCK1,Stephen Stills,Steve Stills Two,,
720000,174,VL,2,ROCK1,Stephen Stills,Manassas,,
0,0,MC,1,FOLK1,Stephen Wade,Dancing in the Parlor,,
720000,102,LP,2,ROCK1,Stephen Winwood,Winwood,RARE,
0,36,XX,1,ROCK1,Steppenwolf,Early,,
0,35,XX,1,ROCK1,Steppenwolf,Monster,,
0,0,MC,1,FOLK2,Steve Earle,Low Highway,,
0,0,MC,1,FOLK2,Steve Earle,The Mountain,,
0,0,MC,1,FOLK2,Steve Earle,Train A Coming,,
0,0,MC,1,FOLK2,Steve Earle,Transcendental Blues,,
0,0,MC,1,PROGS,Steve Halpern,Chakra Suite,,
0,427,VL,1,ROCK1,Steve Howe,Beginnings,,
0,0,M3,1,FOLK2,Steve Martin,Love Has Come for You,,
0,0,M3,1,FOLK2,Steve Martin,The Crow,,
0,0,M3,1,FOLK2,Steve Martin,The Long Awaited Album,,
0,0,MC,1,FOLK1,Steve Wariner,No More Mister Nice Guy,,
0,0,M3,1,BLUES,Stevie Ray Vaughan,Baby Please Come Home,Err:509,
0,0,M3,2,BLUES,Stevie Ray Vaughan,Essential,,
0,0,CD,1,ROCK1,Sting,Brand New Day,,
0,0,CD,1,ROCK1,Sting,Nothing Like the Sun,,
0,0,CD,1,ROCK1,Sting,Sacred Love,,
940000,0,MD,1,ROCK1,Sting,Fields of Gold,,
0,0,M3,2,CLASS,Strauss,New Years Concert 2009,,
0,0,MC,1,CLASS,Stravinsky,The Rite of Spring,,
0,0,MC,1,CLASS,Stravinsky,Transformation,,
0,0,M3,1,DEAD1,String Cheese Incident,Song in My Head,,
201,0,CD,1,DEAD1,String Cheese Incident,Carnival 99,,
970600,0,CD,1,DEAD1,String Cheese Incident,SCI,,
0,0,MP,1,HARPS,Sue Richards,Grey Eyed Morn,,
0,0,MP,1,HARPS,Sue Richards,Silver Apples of the Moon,#NAME?,
0,0,CC,1,BLUES,Sugar Ray,Evening,,
0,0,M3,1,BLUES,Tab Benoit,Best Of,,
0,0,MC,1,BLUES,Taj Mahal,An Evening of Acoustic Music,,
0,0,M3,1,BLUES,Taj Mahal,Get On Board,,
0,0,M3,1,BLUES,Taj Mahal,Savoy,,
0,0,M3,1,WOMEN,Tal Wilkenfeld,Love Remains,,
0,519,MC,1,ROCK1,Talking Heads,Remain In Light,,
0,0,M3,1,PROGS,Tangerine Dream,Recurring Dreams,,
0,0,MC,1,GYPSY,Taraf de Haidouks,Band of Gypsys,,
0,288,LP,1,BLUES,Tbone Walker,Dirty Mistreater,,
0,0,M3,2,CLASS,Tchaikovsky,Complete Orchestral Suites,,
0,0,M3,2,CLASS,Tchaikovsky,Nutcracker + Swan Lake,,
0,0,MP,1,ROCK1,Tears For Fears,Elemental,,
0,0,MP,1,ROCK1,Tears For Fears,Saturnin Martial Lunatic,,
0,0,MP,1,ROCK1,Tears For Fears,Songs From the Big Chair,,
0,0,MP,1,ROCK1,Tears For Fears,The Hurting,,
0,0,MP,1,ROCK1,Tears For Fears,The Seeds of Love,,
0,0,M3,1,JAZZ1,The Comet Is Coming,Afterlife,,
0,0,M3,1,JAZZ1,The Comet Is Coming,Lifeforce,,
0,0,CC,1,JAZZ4,Thelonius Monk,And the Jazz Giants,,
0,0,MC,1,JAZZ4,Thelonius Monk,Genius of Modern Music,,
0,0,MC,1,JAZZ4,Thelonius Monk,Live at Carnegie Hall,+Coltrane,
0,0,MC,1,JAZZ4,Thelonius Monk,Monks Dream,,
0,0,M3,1,JAZZ4,Thelonius Monk,Monks Music,,
0,0,MC,1,JAZZ4,Thelonius Monk,Steve Lacy Plays,,
0,0,MC,1,JAZZ4,Thelonius Monk,Thelonius Himself,,
0,0,MC,1,JAZZ4,Thelonius Monk,Unique,,
0,0,M3,1,JAZZ4,Thelonius Monk,With Art Blakey,,
570000,0,MC,2,JAZZ4,Thelonius Monk,Complete 1957 Riverside,+Coltrane,
690000,0,MC,1,JAZZ4,Thelonius Monk,Paris 69,,
0,0,MP,1,PROGS,Thomas Dolby,Aliens Ate My Buick,,
0,0,MP,1,PROGS,Thomas Dolby,Wireless,,
0,0,MC,1,ROCK1,Tim OBrien,Red on Blonde,Dlyan Covers,
0,0,M3,2,FOLK2,Time Jumpers,Jumping Time,,
0,0,M3,1,FOLK2,Time Jumpers,Time Jumpers,,
0,0,M3,1,XMASS,Tingstad+Rumbel,The Gift,,
0,0,MC,1,BLUES,Tinsley Ellis,Hell or High Water,,
0,0,MC,1,ROCK1,Toad the Wet Sprocket,Constellation,,
930000,0,MD,1,ROCK1,Tom Petty,Greatest Hits,,
0,0,MC,2,JAZZ1,Tomasz Stanko,Wislawa,,
0,0,MC,1,XMASS,Tommy Emmanuel,All I Want for Christmas,,
0,0,MC,1,JAZZ2,Tommy Flanagan,Lady Be Good,,
0,0,MC,1,JAZZ2,Tommy Flanagan,Sea Changes,,
0,0,MC,1,JAZZ2,Tommy Flanagan,Trio Overseas,,
0,0,MC,1,FOLK2,Tony Rice,Bluegrass Guitar Collection,,
0,0,MC,1,FOLK2,Tony Rice,Devlin,,
0,0,M3,1,FOLK1,Tony Trischka,Double Banjo Bluegrass Spectacular,,
700000,153,LP,1,ROCK1,Traffic,John Barleycorn,,
700000,153,M3,1,ROCK1,Traffic,John Barleycorn,,
710000,183,MP,1,ROCK1,Traffic,Low Spark,,
710000,183,VL,1,ROCK1,Traffic,Low Spark,,
730000,182,VL,1,ROCK1,Traffic,On The Road,,
0,0,MC,1,BEATL,Traveling Wilburys,Volume 1,,
0,0,MC,1,BEATL,Traveling Wilburys,Volume 3,,
0,0,M3,2,XMASS,Tropical Steel Band,Christmas,,
0,0,MC,2,CLASS,US Navy Band,Music for Chamber Winds,,
0,0,MC,1,CLASS,Valentina Lisitsa,Live at the Royal Albert Hall,,
0,376,XX,1,ROCK1,Van Morrison,Best Of,,
0,392,XX,1,ROCK1,Van Morrison,Tupelo Honey,,
0,298,LP,1,BLUER,Various,A Taste of Bluesway,,
0,0,MC,1,PROGS,Various,Angel Dreams,unknown,
0,0,M3,1,FOLK4,Various,Another Day Another Time,,
0,0,M3,1,FOLK4,Various,Arabic Groove,,
0,0,M3,1,BLUER,Various,Best Of Chess,,
0,0,M3,1,FOLK4,Various,Best of Bluegrass-V1,,
0,0,M3,1,FOLK4,Various,Best of Bluegrass-V2,,
0,0,M3,1,JAZZ2,Various,Best of Newport 1957,,
0,230,LP,2,BLUER,Various,Best of the Chicago Blues,,
0,0,M3,1,JAZZ2,Various,Blue Note Re-Imagined,,
0,0,MC,1,FOLK4,Various,Bluegrass,,
0,489,LP,2,FOLK4,Various,Bluegrass Greatest Show,,
0,0,CC,1,FOLK4,Various,Bluegrass Mountain Memories,,
0,0,M3,2,XMASS,Various,Blues Blues Christmas V1,,
0,324,SL,1,BLUER,Various,British Blues Archive 1,,
0,325,SL,1,BLUER,Various,British Blues Archive 2,,
0,326,SL,1,BLUER,Various,British Blues Archive 3,,
0,327,SL,1,BLUER,Various,British Blues Archive 4,,
0,327,SL,1,BLUER,Various,British Blues Archive 4,,
0,0,M3,1,FOLK4,Various,Cairo to Casablanca,,
0,0,M3,1,FOLK4,Various,Cairo to Casablanca,,
0,0,M3,1,XMASS,Various,Celtic Christmas,bland,
0,0,M3,1,XMASS,Various,Celtic Christmas,bland,
0,0,MC,1,HARPS,Various,Celtic Harpestry,,
0,0,MC,1,HARPS,Various,Celtic Harpestry,,
0,0,MC,1,HARPS,Various,Celtic Treasure of Carolan,,
0,0,MC,1,HARPS,Various,Celtic Treasure of Carolan,,
0,0,M3,1,FOLK4,Various,Celtic Voyage,,
0,0,M3,1,FOLK4,Various,Celtic Voyage,,
0,0,CC,2,BLUER,Various,Chicago Blues,,
0,0,CC,2,BLUER,Various,Chicago Blues,,
0,266,LP,2,BLUER,Various,Chicago Blues Anthology,,
0,0,MC,1,CLASS,Various,China Chill,,
0,0,M3,1,BLUER,Various,Classic Appalachian Blues,,
0,0,M3,1,BEATL,Various,Classical-Beatles,,
0,0,CC,1,JAZZ2,Various,Cole Porter Songbook,,
0,0,MC,1,DEAD1,Various,Deadicated,,
0,0,MC,1,HARPS,Various,Dussek and the Harp,,
0,0,MC,1,CLASS,Various,Essential Ballet,,
0,439,LP,2,JAZZ2,Various,Fifty Years Jazz Guitar,,
0,318,LP,1,BLUER,Various,Gasoline,,
0,0,MD,1,DEAD1,Various,Gifts from the Dead,,
0,0,CC,1,FOLK4,Various,Great Dobro Sessions,,
0,0,MC,1,FOLK4,Various,Great Dobro Sessions,,
0,435,LP,2,FOLK4,Various,Greatest Bluegrass Bands,,
0,0,MC,2,ROCK3,Various,Greatest Guitar Heros,,
0,441,LP,2,JAZZ2,Various,Greatest Jazz Concert Ever,,
0,0,MC,2,FOLK4,Various,Hand Picked,,
0,0,MC,1,HARPS,Various,Harpestry,,
0,0,M3,1,CLASS,Various,Haunted Horror,,
0,0,MC,2,ROCK3,Various,Jesus Christ Superstar,,
0,0,M3,1,FOLK4,Various,Mandolin Extravaganza,,
0,0,MP,1,BLUER,Various,Mississippi Blues,,
0,0,M3,2,ROCK3,Various,Monterey Pop Festival,,
0,0,MC,1,PROGS,Various,Music For Reiki,,
0,0,M3,1,DEAD1,Various,Music Never Stopped,Tribute,
0,437,LP,2,FOLK4,Various,Old Timey Bluegrass Concert,,
0,0,CC,1,JAZZ2,Various,One Night at Blue Note V1,,
0,0,M3,1,JAZZ2,Various,Only Big Band CD You Need,,
0,0,MC,3,FOLK4,Various,People Take Warning,,
0,0,M3,2,BLUER,Various,Roots of Blues,,
0,0,M3,1,FOLK4,Various,Roots-Music-V1+2,,
0,0,MC,2,FOLK4,Various,Roots-Music-V1-4,,
0,0,M3,1,FOLK4,Various,Rough Guide to Bluegrass,,
0,0,M3,1,FOLK4,Various,Rough Guide to Country,,
0,0,M3,1,FOLK4,Various,Rough Guide to Hillbilly Blues,,
0,0,MP,4,FOLK4,Various,Rounder Records Story,,
0,0,MP,1,FOLK4,Various,Slack Key Guitar,,
0,0,MC,1,FOLK4,Various,Southern Journey V2,,
0,0,MC,1,PROGS,Various,Steel Drum Favorites,,
0,282,LP,1,BLUER,Various,Steel Yard Blues,,
0,0,M3,1,BLUER,Various,Sun Records Greatest Hits,,
0,530,XX,1,ROCK3,Various,THE END,,
0,258,LP,1,BLUER,Various,The Blues,,
0,232,LP,2,BLUER,Various,The Great Blues Men,,
0,0,M3,2,ROCK3,Various,The Mojo Of Dr. John,,
0,0,MC,1,JAZZ2,Various,True North,,
0,263,LP,1,BLUER,Various,Underground Blues,,
0,0,MC,1,JAZZ2,Various,When Jazz Meets Guitar,,
0,171,LP,2,ROCK3,Various,Woodstock 2,+Hendrix,
0,0,CC,1,FOLK4,Various,Woody Guthrie 100th Birthday,,
0,0,MC,1,FOLK4,Various,Woody Guthrie At 100,,
0,0,M3,1,PROGS,Various,Yoga Lounge,Spacy,
9999,0,MD,1,DEAD1,Various,Wake the Dead,,
20000,0,CD,1,CLASS,Various,Magic of the Guitar,,
20000,0,MD,1,FOLK4,Various,Treasury of Bluegrass,Time Life,
60000,0,MC,1,FOLK4,Various,Celebration of Life,,
60000,0,CD,1,JAZZ2,Various,Celebration of the Beatles,,
60000,0,CD,1,JAZZ2,Various,Jazz Goes to the Beatles,,
650000,91,LP,1,BLUES,Various,Whats Shaking,,
690000,14,XX,1,ROCK3,Various,Easy Rider,,
960000,0,CD,1,JAZZ2,Various,Jazz Cafe,Sampler,
0,0,MC,1,ROCK3,Ventures,Best Of,,
0,0,MC,1,JAZZ2,Victor Wooten,Palmystery,,
0,0,MC,1,JAZZ2,Victor Wooten,Soul Circus,,
0,0,MC,1,JAZZ1,Vijay Iyer,Accelerando,,
0,0,MC,1,JAZZ1,Vince Guaraldi,Charlie Brown Suite,,
0,0,MC,1,CLASS,Vivaldi,Another Four Seasons,,
0,0,MC,1,CLASS,Vivaldi,Concertos and Other Works,,
0,0,MC,1,CLASS,Vivaldi,The Four Seasons,,
0,0,MC,1,HARPS,Walt Michael,Hammer Dulcimer Retrospective,,
0,0,MC,1,BLUER,Warren Haynes,Heavy Load Blues,,
0,0,MC,1,BLUER,Warren Haynes,Live at Moody Theater,,
0,0,MC,1,BLUER,Warren Haynes,Million Voices Whisper,,
0,0,MP,1,JAZZ1,Weather Report,Heavy Weather,,
0,0,MC,2,ROCK5,Who,Greatest Hits Live,,
0,0,MP,2,ROCK5,Who,Meaty Beaty Big and Bouncy,,
671215,45,MP,1,ROCK5,Who,Sell Out,,
690519,22,MD,2,ROCK5,Who,Tommy,,
700511,82,M3,2,ROCK5,Who,Live at Leeds,+Tommy,
700511,82,MD,2,ROCK5,Who,Live at Leeds,,
710802,83,M3,2,ROCK5,Who,Whos Next,+Bonus Disk,
0,0,MC,1,ROCK1,Widespread Panic,Dirty Side Down,DUP,
0,0,MC,1,BLUES,Willie Dixon,Big Three Trio,,
0,0,MC,1,BLUES,Willie Dixon,I Am The Blues,,
0,0,CD,1,ROCK1,Willie Nelson,Super Hits,,
0,0,CC,2,FOLK1,Willie Nelson,The Essental,,
40525,0,MC,1,WOMEN,Wilson Phillips,California,,
101012,0,CD,1,WOMEN,Wilson Phillips,Xmas in Harmony,,
120403,0,MC,1,WOMEN,Wilson Phillips,Dedicated,,
900508,0,MD,1,WOMEN,Wilson Phillips,Wilson Phillips,,
920602,0,CD,1,WOMEN,Wilson Phillips,Shadows and Light,,
0,0,M3,1,CLASS,Windham Hill,Bach Variations,,
0,0,M3,1,XMASS,Windham Hill,Carols of Christmas 2,,
0,0,MC,1,PROGS,Windham Hill,First Ten Years,,
0,0,MC,1,PROGS,Windham Hill,Flamenco Collection,,
0,0,MC,1,PROGS,Windham Hill,Guitar Sampler V1,,
0,0,MC,1,PROGS,Windham Hill,Guitar Sampler V2,,
0,0,M3,1,CLASS,Windham Hill,Impressionists,,
0,0,M3,1,CLASS,Windham Hill,Mozart Variations,,
0,0,MC,1,PROGS,Windham Hill,Sampler 1984,,
0,0,MC,1,PROGS,Windham Hill,Sanctuary 20 Years,,
0,0,M3,1,XMASS,Windham Hill,Solstice,,
0,0,MC,1,PROGS,Windham Hill,Sounds of Wood+Steel-V1,,
0,0,MC,1,PROGS,Windham Hill,Sounds of Wood+Steel-V2,,
0,0,MC,4,XMASS,Windham Hill,Winters Solstice,,
0,0,M3,1,XMASS,Windham Hill,Winters Songs,,
670000,224,XX,1,ROCK1,Yardbirds,Greatest Hits,,
0,0,M3,1,PROGS,Yes,Heaven + Earth,,
0,0,M3,1,PROGS,Yes,Highlights,Collection,
0,0,M3,2,PROGS,Yes,Progeny,Highlights from 72,
0,0,M3,2,PROGS,Yes,Quest,,
0,0,CC,0,PROGS,Yes,Time and a Word,,
710219,332,MD,1,PROGS,Yes,The Yes Album,,
711112,383,MD,1,PROGS,Yes,Fragile,,
720908,416,MD,1,PROGS,Yes,Close To The Edge,,
750228,384,VL,1,PROGS,Yes,Yesterdays,,
780922,448,VL,1,PROGS,Yes,Tormato,,
690000,342,NX,1,ROCK1,Youngbloods,Elephant Mountain,,
710000,274,XX,1,ROCK1,Youngbloods,Good and Dusty,,
720000,462,XX,2,ROCK1,Youngbloods,This Is The,,
730000,237,VL,1,ROCK1,Youngbloods,Song for Juli,,
0,0,M3,1,DEAD1,Zakir Hussain,Trios-Sacred-Thread,,
790000,409,XX,1,ROCK1,Zappa,Sleep Dirt,,
879999,0,MD,1,DEAD1,Zero,Here Goes Nothing,,
